customer_id,recency_days,frequency_orders,monetary_value,total_profit,customer_name,segment,r_score,f_score,m_score,rfm_score,rfm_combined_score,customer_segment
AA-10315,185,5,5563.56,-362.8825,Alex Avila,Consumer,2,2,5,225,9,About to Sleep
AA-10375,20,9,1056.39,277.3824,Allen Armold,Consumer,5,5,2,552,12,Promising / Needs Attention
AA-10480,260,4,1790.5120000000002,435.8274,Andrew Allen,Consumer,1,1,3,113,5,About to Sleep
AA-10645,56,6,5086.9349999999995,857.8033,Anna Andreadi,Consumer,3,3,5,335,11,Loyal Customers
AB-10015,416,3,886.156,129.3465,Aaron Bergman,Consumer,1,1,1,111,3,Hibernating / Lost
AB-10060,55,8,7755.62,2054.5885,Adam Bellavance,Home Office,3,4,5,345,12,Loyal Customers
AB-10105,42,10,14473.570999999998,5444.8055,Adrian Barton,Consumer,4,5,5,455,14,Champions
AB-10150,42,5,966.71,313.6597,Aimee Bixby,Consumer,4,2,2,422,8,Potential Loyalists
AB-10165,26,8,1113.838,220.813,Alan Barnes,Consumer,5,4,2,542,11,Promising / Needs Attention
AB-10255,167,9,914.5319999999999,264.5675,Alejandro Ballentine,Home Office,2,5,1,251,8,Promising / Needs Attention
AB-10600,51,4,1515.862,-274.9604,Ann Blume,Corporate,4,1,2,412,7,Potential Loyalists
AC-10420,233,3,925.8,-62.1342,Alyssa Crouse,Corporate,1,1,1,111,3,Hibernating / Lost
AC-10450,12,7,5527.846,1366.0098,Amy Cox,Consumer,5,3,5,535,13,Loyal Customers
AC-10615,7,5,2537.6859999999997,298.8273,Ann Chong,Corporate,5,2,3,523,10,Potential Loyalists
AC-10660,283,5,657.316,-28.700399999999995,Anna Chung,Consumer,1,2,1,121,4,Hibernating / Lost
AD-10180,30,8,6106.88,1869.9294,Alan Dominguez,Home Office,4,4,5,445,13,Champions
AF-10870,42,7,2052.908,317.9712,Art Ferguson,Consumer,4,3,3,433,10,Loyal Customers
AF-10885,416,4,861.565,-163.1175,Art Foster,Consumer,1,1,1,111,3,Hibernating / Lost
AG-10270,279,5,2582.898,732.7399,Alejandro Grove,Consumer,1,2,3,123,6,About to Sleep
AG-10300,119,4,367.548,59.288399999999996,Aleksandra Gannaway,Corporate,2,1,1,211,4,Hibernating / Lost
AG-10330,9,5,660.972,-5.137100000000006,Alex Grayson,Consumer,5,2,1,521,8,Potential Loyalists
AG-10390,115,5,200.945,69.2784,Allen Goldenen,Consumer,2,2,1,221,5,Hibernating / Lost
AG-10495,79,8,2356.855,295.6668,Andrew Gjertsen,Corporate,3,4,3,343,10,Loyal Customers
AG-10525,846,4,1455.038,-152.7613,Andy Gerbode,Corporate,1,1,2,112,4,Hibernating / Lost
AG-10675,98,7,3489.0396000000005,-246.42570000000003,Anna Gayman,Consumer,3,3,4,334,10,Loyal Customers
AG-10765,78,4,170.584,-8.431000000000001,Anthony Garverick,Home Office,3,1,1,311,5,Promising / Needs Attention
AG-10900,97,10,4510.797,343.6824,Arthur Gainer,Consumer,3,5,5,355,13,Loyal Customers
AH-10030,13,7,1744.7,365.2152,Aaron Hawkins,Corporate,5,3,3,533,11,Loyal Customers
AH-10075,35,10,3250.337,281.189,Adam Hart,Corporate,4,5,4,454,13,Champions
AH-10120,61,7,1735.5140000000001,-2.3145999999999773,Adrian Hane,Home Office,3,3,2,332,8,Promising / Needs Attention
AH-10195,56,4,1587.452,-378.5509,Alan Haines,Corporate,3,1,2,312,6,Promising / Needs Attention
AH-10210,7,9,4805.344,1308.5546,Alan Hwang,Consumer,5,5,5,555,15,Champions
AH-10465,231,5,2495.3916,-196.12009999999998,Amy Hunt,Consumer,1,2,3,123,6,About to Sleep
AH-10585,22,4,738.504,83.96300000000001,Angele Hood,Consumer,5,1,1,511,7,Potential Loyalists
AH-10690,411,12,7888.294,1298.0166,Anna Häberlin,Corporate,1,5,5,155,11,At Risk
AI-10855,14,10,4375.786,867.7271000000001,Arianne Irving,Consumer,5,5,5,555,15,Champions
AJ-10780,76,7,4867.344,150.71300000000005,Anthony Jacobs,Corporate,3,3,5,335,11,Loyal Customers
AJ-10795,167,7,4501.391,1158.7064,Anthony Johnson,Corporate,2,3,5,235,10,At Risk
AJ-10945,86,7,1839.24,521.1351999999999,Ashley Jarboe,Consumer,3,3,3,333,9,Loyal Customers
AJ-10960,75,3,629.2479999999999,60.4265,Astrea Jones,Consumer,3,1,1,311,5,Promising / Needs Attention
AM-10360,29,5,814.012,194.9878,Alice McCarthy,Corporate,4,2,1,421,7,Potential Loyalists
AM-10705,163,8,5664.022,1085.7326,Anne McFarland,Consumer,2,4,5,245,11,At Risk
AO-10810,502,1,161.28,12.096,Anthony O'Donnell,Corporate,1,1,1,111,3,Hibernating / Lost
AP-10720,42,8,1638.554,285.7888,Anne Pryor,Home Office,4,4,2,442,10,Promising / Needs Attention
AP-10915,99,10,3323.556,579.3113,Arthur Prichep,Consumer,3,5,4,354,12,Loyal Customers
AR-10345,112,4,1055.694,-221.0544,Alex Russell,Corporate,2,1,2,212,5,Hibernating / Lost
AR-10405,126,5,2236.128,-98.7646,Allen Rosenblatt,Corporate,2,2,3,223,7,About to Sleep
AR-10510,15,5,264.86400000000003,43.6695,Andrew Roberts,Consumer,5,2,1,521,8,Potential Loyalists
AR-10540,7,6,6608.448,2884.6208,Andy Reiter,Consumer,5,3,5,535,13,Loyal Customers
AR-10570,535,1,88.15,32.633,Anemone Ratner,Consumer,1,1,1,111,3,Hibernating / Lost
AR-10825,59,8,4523.336,494.83519999999993,Anthony Rawles,Corporate,3,4,5,345,12,Loyal Customers
AS-10045,89,7,3050.692,-253.57459999999998,Aaron Smayling,Corporate,3,3,4,334,10,Loyal Customers
AS-10090,29,9,3255.31,64.53739999999998,Adam Shillingsburg,Consumer,4,5,4,454,13,Champions
AS-10135,42,2,58.82,21.8496,Adrian Shami,Home Office,4,1,1,411,6,Potential Loyalists
AS-10225,23,5,4260.784,719.7751000000001,Alan Schoenberger,Corporate,5,2,4,524,11,Potential Loyalists
AS-10240,193,7,584.6080000000001,33.715799999999994,Alan Shonely,Consumer,2,3,1,231,6,Promising / Needs Attention
AS-10285,20,6,3214.236,354.62760000000003,Alejandro Savely,Corporate,5,3,4,534,12,Loyal Customers
AS-10630,93,7,833.398,136.49190000000002,Ann Steele,Home Office,3,3,1,331,7,Promising / Needs Attention
AT-10435,22,6,1171.814,100.87680000000002,Alyssa Tate,Home Office,5,3,2,532,10,Potential Loyalists
AT-10735,14,10,3831.864,974.107,Annie Thurman,Consumer,5,5,4,554,14,Champions
AW-10840,21,4,649.376,65.77250000000001,Anthony Witt,Consumer,5,1,1,511,7,Potential Loyalists
AW-10930,47,7,2852.968,-104.5486,Arthur Wiediger,Home Office,4,3,4,434,11,Loyal Customers
AY-10555,15,4,497.014,103.3499,Andy Yotov,Corporate,5,1,1,511,7,Potential Loyalists
AZ-10750,161,6,1622.0179999999998,154.9503,Annie Zypern,Consumer,2,3,2,232,7,Promising / Needs Attention
BB-10990,106,5,744.3399999999999,11.583900000000007,Barry Blumstein,Corporate,2,2,1,221,5,Hibernating / Lost
BB-11545,29,9,6765.728,1015.0749999999999,Brenda Bowman,Corporate,4,5,5,455,14,Champions
BC-11125,203,9,2933.676,251.5974,Becky Castell,Home Office,2,5,4,254,11,At Risk
BD-11320,34,12,5718.521,1094.5037,Bill Donatelli,Consumer,4,5,5,455,14,Champions
BD-11500,36,6,4411.2429999999995,1142.1225,Bradley Drucker,Consumer,4,3,5,435,12,Loyal Customers
BD-11560,279,2,320.54,116.714,Brendan Dodson,Home Office,1,1,1,111,3,Hibernating / Lost
BD-11605,98,7,3288.471,634.8463,Brian Dahlen,Consumer,3,3,4,334,10,Loyal Customers
BD-11620,70,6,1538.11,206.75689999999997,Brian DeCherney,Consumer,3,3,2,332,8,Promising / Needs Attention
BD-11635,10,3,582.646,141.53400000000002,Brian Derr,Consumer,5,1,1,511,7,Potential Loyalists
BD-11725,94,6,1526.5,333.9791,Bruce Degenhardt,Consumer,3,3,2,332,8,Promising / Needs Attention
BD-11770,328,6,658.466,141.265,Bryan Davis,Consumer,1,3,1,131,5,Promising / Needs Attention
BE-11335,120,5,4204.676,1487.7739000000001,Bill Eplett,Home Office,2,2,4,224,8,About to Sleep
BE-11410,99,5,2261.438,755.9150999999999,Bobby Elias,Consumer,3,2,3,323,8,Promising / Needs Attention
BE-11455,255,6,1727.652,139.20080000000002,Brad Eason,Home Office,1,3,2,132,6,Promising / Needs Attention
BF-10975,92,7,599.798,227.4384,Barbara Fisher,Corporate,3,3,1,331,7,Promising / Needs Attention
BF-11005,40,4,1333.88,-291.38109999999995,Barry Franz,Home Office,4,1,2,412,7,Potential Loyalists
BF-11020,75,8,2888.506,302.02,Barry Französisch,Corporate,3,4,4,344,11,Loyal Customers
BF-11080,26,3,272.95,110.9272,Bart Folk,Consumer,5,1,1,511,7,Potential Loyalists
BF-11170,17,11,5907.972,1538.2127,Ben Ferrer,Home Office,5,5,5,555,15,Champions
BF-11215,66,4,1585.162,523.2133,Benjamin Farhat,Home Office,3,1,2,312,6,Promising / Needs Attention
BF-11275,58,3,791.9899999999999,25.870199999999997,Beth Fritzler,Corporate,3,1,1,311,5,Promising / Needs Attention
BG-11035,29,8,2798.948,-711.4274,Barry Gonzalez,Consumer,4,4,4,444,12,Champions
BG-11695,37,6,1874.172,107.5715,Brooke Gillingham,Corporate,4,3,3,433,10,Loyal Customers
BG-11740,58,6,1006.356,119.34790000000001,Bruce Geld,Consumer,3,3,2,332,8,Promising / Needs Attention
BH-11710,24,8,6255.351,802.7898,Brosina Hoffman,Consumer,5,4,5,545,14,Champions
BK-11260,78,6,659.1379999999999,-63.764399999999995,Berenike Kampe,Consumer,3,3,1,331,7,Promising / Needs Attention
BM-11140,308,4,11789.63,-1659.9580999999998,Becky Martin,Consumer,1,1,5,115,7,About to Sleep
BM-11575,101,6,808.162,95.58160000000001,Brendan Murry,Corporate,3,3,1,331,7,Promising / Needs Attention
BM-11650,34,11,7294.185,2199.2781,Brian Moss,Corporate,4,5,5,455,14,Champions
BM-11785,219,10,1338.842,137.7439,Bryan Mills,Consumer,2,5,2,252,9,Promising / Needs Attention
BN-11470,25,4,265.296,36.6131,Brad Norvell,Corporate,5,1,1,511,7,Potential Loyalists
BN-11515,10,5,1459.344,340.7054,Bradley Nguyen,Consumer,5,2,2,522,9,Potential Loyalists
BO-11350,138,5,2682.728,278.77700000000004,Bill Overfelt,Corporate,2,2,3,223,7,About to Sleep
BO-11425,76,2,130.83,59.4522,Bobby Odegard,Consumer,3,1,1,311,5,Promising / Needs Attention
BP-11050,84,5,983.42,209.78300000000002,Barry Pond,Corporate,3,2,2,322,7,Promising / Needs Attention
BP-11095,18,12,2442.044,433.9751,Bart Pistole,Corporate,5,5,3,553,13,Loyal Customers
BP-11155,90,6,1697.8609999999999,647.3847000000001,Becky Pak,Consumer,3,3,2,332,8,Promising / Needs Attention
BP-11185,2,9,3675.861,363.5991,Ben Peterman,Corporate,5,5,4,554,14,Champions
BP-11230,40,5,1181.49,-197.2695,Benjamin Patterson,Consumer,4,2,2,422,8,Potential Loyalists
BP-11290,13,7,2475.157,-319.0637,Beth Paige,Consumer,5,3,3,533,11,Loyal Customers
BS-11365,559,5,10501.653,2616.0643999999998,Bill Shonely,Corporate,1,2,5,125,8,About to Sleep
BS-11380,29,5,3887.834,-17.532200000000024,Bill Stewart,Corporate,4,2,4,424,10,Potential Loyalists
BS-11590,36,6,2454.928,381.7807,Brendan Sweed,Corporate,4,3,3,433,10,Loyal Customers
BS-11665,583,3,3288.1099999999997,238.73680000000002,Brian Stugart,Consumer,1,1,4,114,6,About to Sleep
BS-11755,2,7,2562.382,-113.29840000000003,Bruce Stewart,Consumer,5,3,3,533,11,Loyal Customers
BS-11800,266,2,949.4300000000001,194.0516,Bryan Spruell,Home Office,1,1,1,111,3,Hibernating / Lost
BT-11305,337,5,2567.656,417.5918,Beth Thompson,Home Office,1,2,3,123,6,About to Sleep
BT-11395,303,6,2186.6130000000003,257.9163,Bill Tyler,Corporate,1,3,3,133,7,At Risk
BT-11440,561,4,603.876,-77.5256,Bobby Trafton,Consumer,1,1,1,111,3,Hibernating / Lost
BT-11485,660,2,415.19599999999997,126.8694,Brad Thomas,Home Office,1,1,1,111,3,Hibernating / Lost
BT-11530,92,5,2684.4919999999997,409.4983,Bradley Talbott,Home Office,3,2,3,323,8,Promising / Needs Attention
BT-11680,21,7,3196.752,447.74839999999995,Brian Thompson,Consumer,5,3,4,534,12,Loyal Customers
BV-11245,335,5,1523.2730000000001,315.2214,Benjamin Venier,Corporate,1,2,2,122,5,Hibernating / Lost
BW-11065,213,3,385.516,-58.28659999999999,Barry Weirich,Consumer,2,1,1,211,4,Hibernating / Lost
BW-11110,122,8,4750.358,921.2574,Bart Watters,Corporate,2,4,5,245,11,At Risk
BW-11200,204,6,1738.406,246.9973,Ben Wallace,Consumer,2,3,2,232,7,Promising / Needs Attention
CA-11965,97,6,3789.7228,1143.3817,Carol Adams,Corporate,3,3,4,334,10,Loyal Customers
CA-12055,402,5,1679.7240000000002,211.2559,Cathy Armstrong,Home Office,1,2,2,122,5,Hibernating / Lost
CA-12265,57,9,2648.2872,279.6183,Christina Anderson,Consumer,3,5,3,353,11,Loyal Customers
CA-12310,14,4,1421.954,246.02179999999998,Christine Abelman,Corporate,5,1,2,512,8,Potential Loyalists
CA-12775,121,7,3041.566,204.48950000000002,Cynthia Arntzen,Consumer,2,3,4,234,9,At Risk
CB-12025,48,10,6076.139,150.2089,Cassandra Brandow,Consumer,4,5,5,455,14,Champions
CB-12415,27,8,1949.2,272.3883,Christy Brittain,Consumer,5,4,3,543,12,Loyal Customers
CB-12535,198,8,4246.4555,1049.5601,Claudia Bergmann,Corporate,2,4,4,244,10,At Risk
CC-12100,458,6,1770.945,208.5912,Chad Cunningham,Home Office,1,3,3,133,7,At Risk
CC-12145,107,7,2471.65,392.2825,Charles Crestani,Consumer,2,3,3,233,8,At Risk
CC-12220,21,12,3913.418,393.9618,Chris Cortes,Consumer,5,5,4,554,14,Champions
CC-12370,44,5,12129.072000000002,2177.0493,Christopher Conant,Consumer,4,2,5,425,11,Potential Loyalists
CC-12430,1,10,2870.05,424.6583,Chuck Clark,Home Office,5,5,4,554,14,Champions
CC-12475,40,9,1659.438,154.851,Cindy Chapman,Consumer,4,5,2,452,11,Promising / Needs Attention
CC-12550,28,3,113.832,33.870599999999996,Clay Cheatham,Consumer,4,1,1,411,6,Potential Loyalists
CC-12610,35,7,2540.631,331.434,Corey Catlett,Corporate,4,3,3,433,10,Loyal Customers
CC-12670,30,7,2269.7015,187.8399,Craig Carreira,Consumer,4,3,3,433,10,Loyal Customers
CC-12685,800,4,2854.1150000000002,850.1591,Craig Carroll,Consumer,1,1,4,114,6,About to Sleep
CD-11920,41,5,2033.968,426.661,Carlos Daly,Consumer,4,2,3,423,9,Potential Loyalists
CD-11980,55,3,639.766,-206.7172,Carol Darley,Consumer,3,1,1,311,5,Promising / Needs Attention
CD-12280,43,2,1205.584,233.0274,Christina DeMoss,Consumer,4,1,2,412,7,Potential Loyalists
CD-12790,400,5,1860.732,403.8422,Cynthia Delaney,Home Office,1,2,3,123,6,About to Sleep
CG-12040,50,6,904.4680000000001,86.5106,Catherine Glotzbach,Home Office,4,3,1,431,8,Potential Loyalists
CG-12520,339,3,1148.7800000000002,169.93439999999998,Claire Gute,Consumer,1,1,2,112,4,Hibernating / Lost
CH-12070,692,3,1537.236,195.15109999999999,Cathy Hwang,Home Office,1,1,2,112,4,Hibernating / Lost
CJ-11875,366,1,16.52,1.652,Carl Jackson,Corporate,1,1,1,111,3,Hibernating / Lost
CJ-12010,190,8,11164.974,858.7414,Caroline Jumper,Consumer,2,4,5,245,11,At Risk
CK-12205,40,13,3154.855,141.2831,Chloris Kastensmidt,Consumer,4,5,4,454,13,Champions
CK-12325,121,5,2945.321,261.22090000000003,Christine Kargatis,Home Office,2,2,4,224,8,About to Sleep
CK-12595,44,11,2372.75,497.70980000000003,Clytie Kelty,Consumer,4,5,3,453,12,Loyal Customers
CK-12760,83,9,1582.109,-338.4311,Cyma Kinney,Corporate,3,5,2,352,10,Promising / Needs Attention
CL-11890,107,4,1262.0140000000001,328.0847,Carl Ludwig,Consumer,2,1,2,212,5,Hibernating / Lost
CL-12565,285,12,10880.546,1933.7830999999999,Clay Ludtke,Consumer,1,5,5,155,11,At Risk
CL-12700,106,5,2353.586,229.00990000000002,Craig Leslie,Home Office,2,2,3,223,7,About to Sleep
CM-11815,132,6,1673.888,214.463,Candace McMahon,Corporate,2,3,2,232,7,Promising / Needs Attention
CM-11935,709,2,565.392,-43.732400000000005,Carlos Meador,Consumer,1,1,1,111,3,Hibernating / Lost
CM-12115,9,4,1661.6100000000001,409.0679,Chad McGuire,Consumer,5,1,2,512,8,Potential Loyalists
CM-12160,27,6,2533.314,-394.3686,Charles McCrossin,Consumer,5,3,3,533,11,Loyal Customers
CM-12190,9,6,1475.144,91.2033,Charlotte Melton,Consumer,5,3,2,532,10,Potential Loyalists
CM-12235,386,5,2305.712,365.0387,Chris McAfee,Consumer,1,2,3,123,6,About to Sleep
CM-12385,38,4,8954.019999999999,3899.8903999999998,Christopher Martinez,Consumer,4,1,5,415,10,Potential Loyalists
CM-12445,437,3,287.99,64.4296,Chuck Magee,Consumer,1,1,1,111,3,Hibernating / Lost
CM-12655,28,6,6339.5576,1572.4585,Corinna Mitchell,Home Office,4,3,5,435,12,Loyal Customers
CM-12715,1036,4,3984.4524,176.3108,Craig Molinari,Corporate,1,1,4,114,6,About to Sleep
CP-12085,83,8,5402.254,427.0258,Cathy Prescott,Corporate,3,4,5,345,12,Loyal Customers
CP-12340,161,8,5888.275,-1850.3029000000001,Christine Phan,Corporate,2,4,5,245,11,At Risk
CR-12580,58,4,2148.852,74.40129999999999,Clay Rozendal,Home Office,3,1,3,313,7,Promising / Needs Attention
CR-12625,471,3,475.9,144.7594,Corey Roper,Home Office,1,1,1,111,3,Hibernating / Lost
CR-12730,79,4,1600.55,306.9176,Craig Reiter,Consumer,3,1,2,312,6,Promising / Needs Attention
CR-12820,86,3,1397.8724,83.27029999999999,Cyra Reiten,Home Office,3,1,2,312,6,Promising / Needs Attention
CS-11845,92,5,1278.954,185.3776,Cari Sayre,Corporate,3,2,2,322,7,Promising / Needs Attention
CS-11860,163,6,537.632,105.8275,Cari Schnelling,Consumer,2,3,1,231,6,Promising / Needs Attention
CS-11950,26,11,3036.547,-126.4223,Carlos Soltero,Consumer,5,5,4,554,14,Champions
CS-12130,490,4,884.64,143.8339,Chad Sievert,Consumer,1,1,1,111,3,Hibernating / Lost
CS-12175,233,5,844.4580000000001,113.1405,Charles Sheldon,Corporate,1,2,1,121,4,Hibernating / Lost
CS-12250,27,12,2754.216,738.3626,Chris Selesnick,Corporate,5,5,4,554,14,Champions
CS-12355,7,11,3202.1620000000003,831.9432,Christine Sundaresam,Consumer,5,5,4,554,14,Champions
CS-12400,3,9,3651.8585000000003,-342.80330000000004,Christopher Schild,Home Office,5,5,4,554,14,Champions
CS-12460,28,2,550.644,156.2593,Chuck Sachs,Consumer,4,1,1,411,6,Potential Loyalists
CS-12490,425,4,1077.2285,-302.8761,Cindy Schnelling,Corporate,1,1,2,112,4,Hibernating / Lost
CS-12505,59,6,5690.054999999999,-6626.389499999999,Cindy Stewart,Consumer,3,3,5,335,11,Loyal Customers
CT-11995,97,8,3241.898,161.22629999999995,Carol Triggs,Consumer,3,4,4,344,11,Loyal Customers
CV-12295,255,5,2830.6279999999997,493.0861,Christina VanderZanden,Consumer,1,2,4,124,7,About to Sleep
CV-12805,6,9,2370.3136,98.99749999999999,Cynthia Voltz,Corporate,5,5,3,553,13,Loyal Customers
CW-11905,23,6,1136.592,370.8298,Carl Weiss,Home Office,5,3,2,532,10,Potential Loyalists
CY-12745,61,8,2900.026,60.64670000000001,Craig Yedwab,Corporate,3,4,4,344,11,Loyal Customers
Co-12640,550,5,1300.076,205.62820000000002,Corey-Lock,Consumer,1,2,2,122,5,Hibernating / Lost
DA-13450,353,4,156.76,56.7904,Dianna Arnett,Home Office,1,1,1,111,3,Hibernating / Lost
DB-12910,22,8,2171.599,431.3748,Daniel Byrd,Home Office,5,4,3,543,12,Loyal Customers
DB-12970,242,5,2839.2272,213.00289999999998,Darren Budd,Corporate,1,2,4,124,7,About to Sleep
DB-13060,17,7,4531.646,473.0272,Dave Brooks,Consumer,5,3,5,535,13,Loyal Customers
DB-13120,49,7,2973.094,-1421.7692,David Bremer,Corporate,4,3,4,434,11,Loyal Customers
DB-13210,10,10,2332.577,169.9679,Dean Braden,Consumer,5,5,3,553,13,Loyal Customers
DB-13270,54,8,4655.897,841.8263999999999,Deborah Brumfield,Home Office,4,4,5,445,13,Champions
DB-13360,265,5,1081.466,291.0085,Dennis Bolton,Home Office,1,2,2,122,5,Hibernating / Lost
DB-13405,188,4,1711.692,438.9092,Denny Blanton,Consumer,2,1,2,212,5,Hibernating / Lost
DB-13555,108,7,3908.8028,109.32700000000001,Dorothy Badders,Corporate,2,3,4,234,9,At Risk
DB-13615,34,7,1989.05,438.80119999999994,Doug Bickford,Consumer,4,3,3,433,10,Loyal Customers
DB-13660,13,7,1155.202,177.67350000000002,Duane Benoit,Consumer,5,3,2,532,10,Potential Loyalists
DC-12850,38,9,3336.168,-1441.6312999999998,Dan Campbell,Consumer,4,5,4,454,13,Champions
DC-13285,24,5,1174.618,132.06820000000002,Debra Catini,Consumer,5,2,2,522,9,Potential Loyalists
DD-13570,42,6,269.542,36.4344,Dorothy Dickinson,Consumer,4,3,1,431,8,Potential Loyalists
DE-13255,720,5,2550.874,464.47139999999996,Deanra Eno,Home Office,1,2,3,123,6,About to Sleep
DF-13135,701,3,2390.534,-259.3097,David Flashing,Consumer,1,1,3,113,5,About to Sleep
DG-13300,33,5,3195.818,562.7761,Deirdre Greer,Corporate,4,2,4,424,10,Potential Loyalists
DH-13075,278,6,4932.872,1193.7404,Dave Hallsten,Corporate,1,3,5,135,9,At Risk
DH-13675,777,4,1043.096,116.667,Duane Huffman,Home Office,1,1,2,112,4,Hibernating / Lost
DJ-13420,638,4,2012.52,483.03499999999997,Denny Joy,Corporate,1,1,3,113,5,About to Sleep
DJ-13510,49,8,2501.6879999999996,345.2521,Don Jones,Corporate,4,4,3,443,11,Loyal Customers
DJ-13630,13,3,3356.398,731.5644,Doug Jacobs,Consumer,5,1,4,514,10,Potential Loyalists
DK-12835,22,12,3256.48,881.1228000000001,Damala Kotsonis,Corporate,5,5,4,554,14,Champions
DK-12895,46,5,4282.176,937.6496,Dana Kaydos,Consumer,4,2,4,424,10,Potential Loyalists
DK-12985,8,5,1687.04,-107.35379999999998,Darren Koutras,Consumer,5,2,2,522,9,Potential Loyalists
DK-13090,43,7,2650.557,536.3935,Dave Kipp,Consumer,4,3,3,433,10,Loyal Customers
DK-13150,11,2,797.832,249.9447,David Kendrick,Corporate,5,1,1,511,7,Potential Loyalists
DK-13225,11,9,4802.394,209.89940000000004,Dean Katz,Corporate,5,5,5,555,15,Champions
DK-13375,20,8,3318.486,377.0799,Dennis Kane,Consumer,5,4,4,544,13,Champions
DL-12865,101,8,1503.112,322.2449,Dan Lawera,Consumer,3,4,2,342,9,Promising / Needs Attention
DL-12925,58,6,3272.2,4.213200000000029,Daniel Lacy,Consumer,3,3,4,334,10,Loyal Customers
DL-13315,23,8,1458.258,288.8732,Delfina Latchford,Consumer,5,4,2,542,11,Promising / Needs Attention
DL-13330,58,4,585.02,222.6812,Denise Leinenbach,Consumer,3,1,1,311,5,Promising / Needs Attention
DL-13495,77,8,3539.322,-52.78799999999997,Dionis Lloyd,Corporate,3,4,4,344,11,Loyal Customers
DM-12955,115,7,1322.034,108.7583,Dario Medina,Corporate,2,3,2,232,7,Promising / Needs Attention
DM-13015,58,7,6345.103,1677.3931,Darrin Martin,Consumer,3,3,5,335,11,Loyal Customers
DM-13345,23,8,4074.4719999999998,1319.0586,Denise Monton,Corporate,5,4,4,544,13,Champions
DM-13525,482,3,1376.792,199.7688,Don Miller,Corporate,1,1,2,112,4,Hibernating / Lost
DN-13690,218,7,2139.79,540.5405000000001,Duane Noonan,Consumer,2,3,3,233,8,At Risk
DO-13435,134,9,1300.0315,-38.90860000000001,Denny Ordway,Consumer,2,5,2,252,9,Promising / Needs Attention
DO-13645,27,7,1267.316,294.0676,Doug O'Connell,Consumer,5,3,2,532,10,Potential Loyalists
DP-13000,127,9,1050.636,241.4524,Darren Powers,Consumer,2,5,2,252,9,Promising / Needs Attention
DP-13105,7,8,2215.002,563.1761,Dave Poirier,Corporate,5,4,3,543,12,Loyal Customers
DP-13165,813,2,1058.616,-40.93759999999999,David Philippe,Consumer,1,1,2,112,4,Hibernating / Lost
DP-13390,359,9,5480.723999999999,1571.8318,Dennis Pardue,Home Office,1,5,5,155,11,At Risk
DR-12880,4,9,6528.034000000001,1641.8613,Dan Reichenbach,Corporate,5,5,5,555,15,Champions
DR-12940,51,8,8350.868,2869.0759999999996,Daniel Raglin,Home Office,4,4,5,445,13,Champions
DS-13030,94,4,1762.213,193.3319,Darrin Sayre,Home Office,3,1,3,313,7,Promising / Needs Attention
DS-13180,24,9,2881.8128,163.6993,David Smith,Corporate,5,5,4,554,14,Champions
DV-13045,20,5,1119.483,-427.184,Darrin Van Huff,Corporate,5,2,2,522,9,Potential Loyalists
DV-13465,30,6,3341.587,353.2127,Dianna Vittorini,Consumer,4,3,4,434,11,Loyal Customers
DW-13195,70,6,1080.751,-86.87379999999999,David Wiener,Corporate,3,3,2,332,8,Promising / Needs Attention
DW-13480,218,5,5271.628,1348.7556,Dianna Wilson,Home Office,2,2,5,225,9,About to Sleep
DW-13540,99,5,344.08,69.6672,Don Weiss,Consumer,3,2,1,321,6,Promising / Needs Attention
DW-13585,243,7,1204.854,-266.8966,Dorothy Wardle,Corporate,1,3,2,132,6,Promising / Needs Attention
Dl-13600,120,5,755.602,175.2388,Dorris liebe,Corporate,2,2,1,221,5,Hibernating / Lost
Dp-13240,85,11,7198.7609999999995,333.36479999999995,Dean percer,Home Office,3,5,5,355,13,Loyal Customers
EA-14035,153,13,2846.705,-52.74059999999998,Erin Ashbrook,Corporate,2,5,4,254,11,At Risk
EB-13705,49,9,3644.978,13.621500000000005,Ed Braxton,Corporate,4,5,4,454,13,Champions
EB-13750,36,10,3236.314,-80.28599999999999,Edward Becker,Corporate,4,5,4,454,13,Champions
EB-13840,91,5,4358.128,656.1988,Ellis Ballard,Corporate,3,2,5,325,10,Promising / Needs Attention
EB-13870,101,10,2767.219,261.5315,Emily Burns,Consumer,3,5,4,354,12,Loyal Customers
EB-13930,162,5,944.6000000000001,0.6042000000000058,Eric Barreto,Consumer,2,2,1,221,5,Hibernating / Lost
EB-13975,1,4,1643.255,162.8781,Erica Bern,Corporate,5,1,2,512,8,Potential Loyalists
EB-14110,114,6,3071.126,184.7656,Eugene Barchas,Consumer,2,3,4,234,9,At Risk
EB-14170,83,6,1186.326,282.1701,Evan Bailliet,Consumer,3,3,2,332,8,Promising / Needs Attention
EC-14050,54,5,461.914,96.4256,Erin Creighton,Consumer,4,2,1,421,7,Potential Loyalists
ED-13885,136,8,3484.92,670.4435000000001,Emily Ducich,Home Office,2,4,4,244,10,At Risk
EG-13900,23,5,1832.02,104.2656,Emily Grady,Consumer,5,2,3,523,10,Potential Loyalists
EH-13765,136,12,10310.880000000001,1393.5154,Edward Hooks,Corporate,2,5,5,255,12,At Risk
EH-13945,218,8,684.1709999999999,53.53980000000001,Eric Hoffmann,Consumer,2,4,1,241,7,Promising / Needs Attention
EH-13990,406,6,825.9499999999999,150.3759,Erica Hackney,Consumer,1,3,1,131,5,Promising / Needs Attention
EH-14005,3,7,1219.53,-94.14079999999997,Erica Hernandez,Home Office,5,3,2,532,10,Potential Loyalists
EH-14125,153,10,3082.653,96.27019999999999,Eugene Hildebrand,Home Office,2,5,4,254,11,At Risk
EH-14185,106,6,923.884,242.1107,Evan Henry,Consumer,2,3,1,231,6,Promising / Needs Attention
EJ-13720,303,4,2162.174,387.0176,Ed Jacobs,Consumer,1,1,3,113,5,About to Sleep
EJ-14155,58,5,2656.691,451.87550000000005,Eva Jacobs,Consumer,3,2,3,323,8,Promising / Needs Attention
EK-13795,45,4,1303.478,97.10659999999999,Eileen Kiefer,Home Office,4,1,2,412,7,Potential Loyalists
EL-13735,78,2,124.28,27.1154,Ed Ludwig,Home Office,3,1,1,311,5,Promising / Needs Attention
EM-13810,133,5,2567.0099999999998,-133.8275,Eleni McCrary,Corporate,2,2,3,223,7,About to Sleep
EM-13825,56,8,2339.598,682.5541999999999,Elizabeth Moffitt,Corporate,3,4,3,343,10,Loyal Customers
EM-13960,152,5,933.704,102.29599999999999,Eric Murdock,Consumer,2,2,1,221,5,Hibernating / Lost
EM-14065,48,4,228.99,40.15459999999999,Erin Mull,Consumer,4,1,1,411,6,Potential Loyalists
EM-14095,114,4,1041.0420000000001,240.2362,Eudokia Martin,Corporate,2,1,2,212,5,Hibernating / Lost
EM-14140,49,6,4588.436000000001,1319.3655,Eugene Moren,Home Office,4,3,5,435,12,Loyal Customers
EM-14200,159,3,366.822,21.7721,Evan Minnotte,Home Office,2,1,1,211,4,Hibernating / Lost
EN-13780,288,4,2199.366,496.1131,Edward Nazzal,Consumer,1,1,3,113,5,About to Sleep
EP-13915,13,17,5478.0608,144.9578,Emily Phan,Consumer,5,5,5,555,15,Champions
ER-13855,422,3,1245.788,-295.7398,Elpida Rittenbach,Corporate,1,1,2,112,4,Hibernating / Lost
ES-14020,41,5,3510.4579999999996,1003.2935,Erica Smith,Consumer,4,2,4,424,10,Potential Loyalists
ES-14080,29,9,4657.924,246.6661,Erin Smith,Corporate,4,5,5,455,14,Champions
FA-14230,98,7,2984.054,520.5229,Frank Atkinson,Corporate,3,3,4,334,10,Loyal Customers
FC-14245,71,7,3418.742,1217.1662000000001,Frank Carlisle,Home Office,3,3,4,334,10,Loyal Customers
FC-14335,185,7,3889.366,714.2926,Fred Chung,Corporate,2,3,4,234,9,At Risk
FG-14260,35,7,1383.144,394.73969999999997,Frank Gastineau,Home Office,4,3,2,432,9,Potential Loyalists
FH-14275,38,10,4256.272,1073.2676,Frank Hawley,Corporate,4,5,4,454,13,Champions
FH-14350,213,4,2271.284,706.289,Fred Harton,Consumer,2,1,3,213,6,About to Sleep
FH-14365,6,8,6987.196,2050.2826,Fred Hopkins,Corporate,5,4,5,545,14,Champions
FM-14215,8,10,2456.638,249.6808,Filia McAdams,Corporate,5,5,3,553,13,Loyal Customers
FM-14290,37,9,3736.198,198.10949999999997,Frank Merwin,Home Office,4,5,4,454,13,Champions
FM-14380,146,9,2523.266,191.4898,Fred McMath,Consumer,2,5,3,253,10,At Risk
FO-14305,39,10,2678.438,215.59689999999998,Frank Olsen,Consumer,4,5,3,453,12,Loyal Customers
FP-14320,24,8,4046.746,406.44730000000004,Frank Preis,Consumer,5,4,4,544,13,Champions
FW-14395,363,3,79.75,23.491300000000003,Fred Wasserman,Corporate,1,1,1,111,3,Hibernating / Lost
GA-14515,150,8,3919.7760000000003,840.899,George Ashbrook,Consumer,2,4,4,244,10,At Risk
GA-14725,6,11,1398.382,136.70790000000002,Guy Armstrong,Consumer,5,5,2,552,12,Promising / Needs Attention
GB-14530,63,11,1568.44,7.837100000000003,George Bell,Corporate,3,5,2,352,10,Promising / Needs Attention
GB-14575,14,5,4716.288,1135.8393,Giulietta Baptist,Consumer,5,2,5,525,12,Potential Loyalists
GD-14590,6,4,1888.07,230.93729999999996,Giulietta Dortch,Corporate,5,1,3,513,9,Potential Loyalists
GG-14650,44,9,2224.0,12.698500000000008,Greg Guthrie,Corporate,4,5,3,453,12,Loyal Customers
GH-14410,76,9,2819.4669999999996,-576.8335,Gary Hansen,Home Office,3,5,4,354,12,Loyal Customers
GH-14425,51,4,4172.8460000000005,1176.4181,Gary Hwang,Consumer,4,1,4,414,9,Potential Loyalists
GH-14485,388,2,1361.2440000000001,-95.4498,Gene Hale,Corporate,1,1,2,112,4,Hibernating / Lost
GH-14665,3,2,146.94080000000002,-5.810200000000001,Greg Hansen,Consumer,5,1,1,511,7,Potential Loyalists
GK-14620,113,9,6497.27,1448.5525,Grace Kelly,Corporate,2,5,5,255,12,At Risk
GM-14440,84,7,3582.8199999999997,347.266,Gary McGarr,Consumer,3,3,4,334,10,Loyal Customers
GM-14455,17,6,3078.624,793.2814000000001,Gary Mitchum,Home Office,5,3,4,534,12,Loyal Customers
GM-14500,107,10,1255.682,441.3185,Gene McClure,Consumer,2,5,2,252,9,Promising / Needs Attention
GM-14680,153,6,3163.628,35.48649999999999,Greg Matthias,Consumer,2,3,4,234,9,At Risk
GM-14695,118,3,6049.966,188.7235,Greg Maxwell,Corporate,2,1,5,215,8,About to Sleep
GP-14740,766,2,236.53,31.837600000000002,Guy Phonely,Corporate,1,1,1,111,3,Hibernating / Lost
GR-14560,1136,2,1284.38,359.83320000000003,Georgia Rosenberg,Corporate,1,1,2,112,4,Hibernating / Lost
GT-14635,57,3,9351.212,-4108.6589,Grant Thornton,Corporate,3,1,5,315,9,Promising / Needs Attention
GT-14710,37,11,11820.119999999999,2163.4269,Greg Tran,Consumer,4,5,5,455,14,Champions
GT-14755,35,4,226.436,-6.139200000000002,Guy Thornton,Consumer,4,1,1,411,6,Potential Loyalists
GW-14605,29,7,2189.019,-268.54229999999995,Giulietta Weimer,Consumer,4,3,3,433,10,Loyal Customers
GZ-14470,8,9,4355.150000000001,1087.7539,Gary Zandusky,Consumer,5,5,5,555,15,Champions
GZ-14545,158,4,2454.6220000000003,828.661,George Zrebassa,Corporate,2,1,3,213,6,About to Sleep
HA-14905,70,7,2163.3,270.8574,Helen Abelman,Consumer,3,3,3,333,9,Loyal Customers
HA-14920,21,8,2584.158,99.1445,Helen Andreada,Consumer,5,4,3,543,12,Loyal Customers
HD-14785,770,3,251.36,-135.87599999999998,Harold Dahlen,Home Office,1,1,1,111,3,Hibernating / Lost
HE-14800,13,4,883.5319999999999,274.4028,Harold Engle,Corporate,5,1,1,511,7,Potential Loyalists
HF-14995,22,7,2533.1639999999998,-13.876799999999989,Herbert Flentye,Consumer,5,4,3,543,12,Loyal Customers
HG-14845,55,5,785.628,147.0032,Harry Greene,Consumer,3,2,1,321,6,Promising / Needs Attention
HG-14965,24,12,3247.642,-2797.9635000000003,Henry Goldwyn,Corporate,5,5,4,554,14,Champions
HG-15025,7,7,3690.284,804.6113,Hunter Glantz,Consumer,5,4,4,544,13,Champions
HH-15010,73,2,218.668,86.7342,Hilary Holden,Corporate,3,1,1,311,5,Promising / Needs Attention
HJ-14875,127,5,358.1,98.6548,Heather Jas,Home Office,2,2,1,221,5,Hibernating / Lost
HK-14890,152,8,4877.784,956.9451,Heather Kirkland,Corporate,2,4,5,245,11,At Risk
HL-15040,44,6,12873.297999999999,5622.4292000000005,Hunter Lopez,Consumer,4,3,5,435,12,Loyal Customers
HM-14860,3,10,8236.7648,2437.9836,Harry Marie,Corporate,5,5,5,555,15,Champions
HM-14980,248,4,736.276,117.2755,Henry MacAllister,Consumer,1,1,1,111,3,Hibernating / Lost
HP-14815,31,7,1990.314,373.8637,Harold Pawlan,Home Office,4,4,3,443,11,Loyal Customers
HR-14770,14,5,1299.288,185.5794,Hallie Redmond,Home Office,5,2,2,522,9,Potential Loyalists
HR-14830,160,7,5248.787,1196.9504,Harold Ryan,Corporate,2,4,5,245,11,At Risk
HW-14935,118,8,9300.254,2164.1611,Helen Wasserman,Corporate,2,4,5,245,11,At Risk
HZ-14950,36,5,886.52,-130.3879,Henia Zydlo,Consumer,4,2,1,421,7,Potential Loyalists
IG-15085,72,4,744.574,320.4982,Ivan Gibson,Consumer,3,1,1,311,5,Promising / Needs Attention
IL-15100,143,7,5040.736,1121.937,Ivan Liston,Consumer,2,4,5,245,11,At Risk
IM-15055,410,3,2872.63,975.7701,Ionia McGrath,Consumer,1,1,4,114,6,About to Sleep
IM-15070,391,7,4930.474,514.6527,Irene Maddox,Consumer,1,4,5,145,10,At Risk
JA-15970,93,8,6491.026,-819.4217000000001,Joseph Airdo,Consumer,3,4,5,345,12,Loyal Customers
JB-15400,8,10,1791.605,156.05319999999998,Jennifer Braxton,Corporate,5,5,3,553,13,Loyal Customers
JB-15925,738,3,900.552,-286.9808,Joni Blumstein,Consumer,1,1,1,111,3,Hibernating / Lost
JB-16000,44,7,644.1188,126.76490000000001,Joy Bell-,Consumer,4,4,1,441,9,Promising / Needs Attention
JB-16045,8,5,2518.115,201.51850000000002,Julia Barnett,Home Office,5,2,3,523,10,Potential Loyalists
JC-15340,115,4,71.263,-0.35560000000000036,Jasper Cacioppo,Consumer,2,1,1,211,4,Hibernating / Lost
JC-15385,176,1,1058.108,502.92440000000005,Jenna Caffey,Consumer,2,1,2,212,5,Hibernating / Lost
JC-15775,159,9,2772.055,279.56919999999997,John Castell,Consumer,2,5,4,254,11,At Risk
JC-16105,58,5,858.576,201.5952,Julie Creighton,Corporate,3,2,1,321,6,Promising / Needs Attention
JD-15790,118,5,2152.352,-266.55249999999995,John Dryer,Consumer,2,2,3,223,7,About to Sleep
JD-15895,395,11,7610.8640000000005,1050.2667999999999,Jonathan Doherty,Corporate,1,5,5,155,11,At Risk
JD-16015,113,6,385.43,26.7605,Joy Daniels,Consumer,2,3,1,231,6,Promising / Needs Attention
JD-16060,301,3,695.442,111.11410000000001,Julia Dunbar,Consumer,1,1,1,111,3,Hibernating / Lost
JD-16150,42,8,8828.0305,1619.5199,Justin Deggeller,Corporate,4,4,5,445,13,Champions
JE-15475,194,6,1388.682,276.2197,Jeremy Ellison,Consumer,2,3,2,232,7,Promising / Needs Attention
JE-15610,49,7,7754.976,1623.4019,Jim Epp,Corporate,4,4,5,445,13,Champions
JE-15715,47,10,8697.842999999999,1262.2926,Joe Elijah,Consumer,4,5,5,455,14,Champions
JE-15745,52,13,6760.8150000000005,221.79670000000002,Joel Eaton,Consumer,4,5,5,455,14,Champions
JE-16165,21,3,2697.248,789.6476,Justin Ellison,Corporate,5,1,3,513,9,Potential Loyalists
JF-15190,66,7,2279.5860000000002,575.1259,Jamie Frazer,Consumer,3,4,3,343,10,Loyal Customers
JF-15295,226,5,955.124,97.28899999999999,Jason Fortune-,Consumer,1,2,1,121,4,Hibernating / Lost
JF-15355,106,6,1911.844,330.199,Jay Fein,Consumer,2,3,3,233,8,At Risk
JF-15415,3,6,2371.448,635.6376,Jennifer Ferguson,Consumer,5,3,3,533,11,Loyal Customers
JF-15490,122,11,1082.918,-18.06730000000001,Jeremy Farry,Consumer,2,5,2,252,9,Promising / Needs Attention
JF-15565,55,8,4198.332,1073.2088,Jill Fjeld,Consumer,3,4,4,344,11,Loyal Customers
JG-15115,759,3,2358.676,684.1911,Jack Garza,Consumer,1,1,3,113,5,About to Sleep
JG-15160,2,11,6366.392,1415.6664,James Galang,Consumer,5,5,5,555,15,Champions
JG-15310,3,6,2240.58,3.7976000000000063,Jason Gross,Corporate,5,3,3,533,11,Loyal Customers
JG-15805,224,6,1507.018,206.1019,John Grady,Corporate,2,3,2,232,7,Promising / Needs Attention
JH-15430,6,4,309.281,-24.077100000000005,Jennifer Halladay,Consumer,5,1,1,511,7,Potential Loyalists
JH-15820,175,6,528.91,26.082199999999997,John Huston,Consumer,2,3,1,231,6,Promising / Needs Attention
JH-15910,42,7,959.477,-13.554499999999996,Jonathan Howell,Consumer,4,4,1,441,9,Promising / Needs Attention
JH-15985,30,6,7954.9980000000005,-644.6982,Joseph Holt,Consumer,4,3,5,435,12,Loyal Customers
JH-16180,405,4,2256.3940000000002,-96.95300000000002,Justin Hirsh,Consumer,1,1,3,113,5,About to Sleep
JJ-15445,484,5,709.178,200.5558,Jennifer Jackson,Consumer,1,2,1,121,4,Hibernating / Lost
JJ-15760,754,2,195.0,34.449200000000005,Joel Jenkins,Home Office,1,1,1,111,3,Hibernating / Lost
JK-15205,62,5,4427.142,1219.983,Jamie Kunitz,Consumer,3,2,5,325,10,Promising / Needs Attention
JK-15325,288,3,383.812,55.32769999999999,Jason Klamczynski,Corporate,1,1,1,111,3,Hibernating / Lost
JK-15370,45,8,2709.632,330.2838,Jay Kimmel,Consumer,4,4,3,443,11,Loyal Customers
JK-15625,62,7,3760.028,750.9485,Jim Karlsson,Consumer,3,4,4,344,11,Loyal Customers
JK-15640,181,9,4760.434,1172.5303,Jim Kriz,Home Office,2,5,5,255,12,At Risk
JK-15730,85,10,4867.2,55.0483,Joe Kamberova,Consumer,3,5,5,355,13,Loyal Customers
JK-16090,29,3,3747.668,586.6625,Juliana Krohn,Consumer,4,1,4,414,9,Potential Loyalists
JK-16120,118,10,2932.484,122.6566,Julie Kriz,Home Office,2,5,4,254,11,At Risk
JL-15130,9,6,1214.956,-207.79559999999998,Jack Lebron,Consumer,5,3,2,532,10,Potential Loyalists
JL-15175,7,5,1571.523,209.2817,James Lanier,Home Office,5,2,2,522,9,Potential Loyalists
JL-15235,120,5,2203.7,54.51740000000002,Janet Lee,Consumer,2,2,3,223,7,About to Sleep
JL-15505,50,6,3173.874,591.7163,Jeremy Lonsdale,Consumer,4,3,4,434,11,Loyal Customers
JL-15835,22,11,9799.923,228.907,John Lee,Consumer,5,5,5,555,15,Champions
JL-15850,615,6,2725.256,779.9046,John Lucas,Consumer,1,3,3,133,7,At Risk
JM-15250,38,6,3159.1220000000003,19.82350000000004,Janet Martin,Consumer,4,3,4,434,11,Loyal Customers
JM-15265,38,5,1804.146,502.6143,Janet Molinari,Corporate,4,2,3,423,9,Potential Loyalists
JM-15535,103,7,1733.443,356.5395,Jessica Myrick,Consumer,3,4,2,342,9,Promising / Needs Attention
JM-15580,1,5,303.948,113.1204,Jill Matthias,Consumer,5,2,1,521,8,Potential Loyalists
JM-15655,9,5,864.947,117.20400000000001,Jim Mitchum,Corporate,5,2,1,521,8,Potential Loyalists
JM-15865,110,7,7625.076000000001,1574.6163999999999,John Murray,Consumer,2,4,5,245,11,At Risk
JM-16195,58,10,2833.9260000000004,754.1144,Justin MacKendrick,Consumer,3,5,4,354,12,Loyal Customers
JO-15145,58,9,3254.949,581.4045,Jack O'Briant,Corporate,3,5,4,354,12,Loyal Customers
JO-15280,93,6,1934.272,202.13619999999997,Jas O'Carroll,Consumer,3,3,3,333,9,Loyal Customers
JO-15550,216,5,1090.838,167.6709,Jesus Ocampo,Home Office,2,2,2,222,6,Hibernating / Lost
JP-15460,38,7,1669.135,429.7465,Jennifer Patt,Corporate,4,4,2,442,10,Promising / Needs Attention
JP-15520,9,7,3635.594,757.1802,Jeremy Pistek,Consumer,5,4,4,544,13,Champions
JP-16135,103,9,1707.71,309.7116,Julie Prescott,Home Office,3,5,2,352,10,Promising / Needs Attention
JR-15670,594,2,1156.658,-785.1645,Jim Radford,Consumer,1,1,2,112,4,Hibernating / Lost
JR-15700,69,1,863.88,107.985,Jocasta Rupert,Consumer,3,1,1,311,5,Promising / Needs Attention
JR-16210,34,5,2201.686,452.37300000000005,Justin Ritter,Corporate,4,2,3,423,9,Potential Loyalists
JS-15595,120,4,1417.654,-175.54899999999998,Jill Stevenson,Corporate,2,1,2,212,5,Hibernating / Lost
JS-15685,43,4,1131.0639999999999,-54.8692,Jim Sink,Corporate,4,1,2,412,7,Potential Loyalists
JS-15880,535,5,3868.02,564.9798000000001,John Stevenson,Consumer,1,2,4,124,7,About to Sleep
JS-15940,464,5,469.169,-327.9336,Joni Sundaresam,Home Office,1,2,1,121,4,Hibernating / Lost
JS-16030,29,6,2516.494,-311.25749999999994,Joy Smith,Consumer,4,3,3,433,10,Loyal Customers
JW-15220,43,6,7721.714,2173.7093999999997,Jane Waco,Corporate,4,3,5,435,12,Loyal Customers
JW-15955,6,7,1244.086,-29.575899999999987,Joni Wasserman,Consumer,5,4,2,542,11,Promising / Needs Attention
JW-16075,462,4,1428.731,154.06369999999998,Julia West,Consumer,1,1,2,112,4,Hibernating / Lost
KA-16525,37,7,1519.506,234.9194,Kelly Andreada,Consumer,4,4,2,442,10,Promising / Needs Attention
KB-16240,5,7,3152.6150000000002,763.9076,Karen Bern,Corporate,5,4,4,544,13,Champions
KB-16315,297,9,1569.464,49.71929999999999,Karl Braun,Consumer,1,5,2,152,8,Promising / Needs Attention
KB-16405,118,3,908.821,274.297,Katrina Bavinger,Home Office,2,1,1,211,4,Hibernating / Lost
KB-16585,231,12,2744.742,579.3551,Ken Black,Corporate,1,5,3,153,9,At Risk
KB-16600,2,7,983.922,293.55240000000003,Ken Brennan,Corporate,5,4,2,542,11,Promising / Needs Attention
KC-16255,408,6,2120.954,846.1217,Karen Carlisle,Corporate,1,3,3,133,7,At Risk
KC-16540,98,4,3908.262,709.4219,Kelly Collister,Consumer,3,1,4,314,8,Promising / Needs Attention
KC-16675,58,4,1146.05,156.7797,Kimberly Carter,Corporate,3,1,2,312,6,Promising / Needs Attention
KD-16270,485,5,8282.358,1107.6952000000003,Karen Daniels,Consumer,1,2,5,125,8,About to Sleep
KD-16345,42,6,1888.964,328.5942,Katherine Ducich,Consumer,4,3,3,433,10,Loyal Customers
KD-16495,113,12,8181.256,3038.6254,Keith Dawkins,Corporate,2,5,5,255,12,At Risk
KD-16615,290,5,2243.5099999999998,539.7219,Ken Dana,Corporate,1,2,3,123,6,About to Sleep
KE-16420,27,8,1686.7312,397.87989999999996,Katrina Edelman,Corporate,5,4,2,542,11,Promising / Needs Attention
KF-16285,98,7,10604.266,1660.1386,Karen Ferguson,Home Office,3,4,5,345,12,Loyal Customers
KH-16330,41,8,3312.864,454.7871,Katharine Harms,Corporate,4,4,4,444,12,Champions
KH-16360,2,6,3100.612,528.2051,Katherine Hughes,Consumer,5,3,4,534,12,Loyal Customers
KH-16510,23,7,5952.859,656.1162,Keith Herrera,Consumer,5,4,5,545,14,Champions
KH-16630,59,9,3918.9660000000003,727.3786,Ken Heidel,Corporate,3,5,4,354,12,Loyal Customers
KH-16690,3,7,5990.799,1227.5091,Kristen Hastings,Corporate,5,4,5,545,14,Champions
KL-16555,17,8,5016.488,-182.78130000000002,Kelly Lampkin,Corporate,5,4,5,545,14,Champions
KL-16645,48,12,14175.229000000001,806.855,Ken Lonsdale,Consumer,4,5,5,455,14,Champions
KM-16225,15,6,2260.958,635.1057000000001,Kalyca Meade,Corporate,5,3,3,533,11,Loyal Customers
KM-16375,57,8,5620.186,973.7901999999999,Katherine Murray,Home Office,3,4,5,345,12,Loyal Customers
KM-16660,16,5,453.538,91.1391,Khloe Miller,Consumer,5,2,1,521,8,Potential Loyalists
KM-16720,29,8,4909.472,745.7685,Kunst Miller,Consumer,4,4,5,445,13,Champions
KN-16390,20,9,2617.272,-151.1518,Katherine Nockton,Corporate,5,5,3,553,13,Loyal Customers
KN-16450,53,5,2171.962,114.3083,Kean Nguyen,Corporate,4,2,3,423,9,Potential Loyalists
KN-16705,99,8,2280.58,329.76250000000005,Kristina Nunn,Home Office,3,4,3,343,10,Loyal Customers
KS-16300,296,3,88.472,0.11099999999999888,Karen Seio,Corporate,1,1,1,111,3,Hibernating / Lost
KT-16465,392,7,3057.1,254.0032,Kean Takahito,Consumer,1,4,4,144,9,At Risk
KT-16480,101,10,4642.088400000001,194.0671,Kean Thornton,Consumer,3,5,5,355,13,Loyal Customers
KW-16435,97,5,4416.5199999999995,1756.135,Katrina Willman,Consumer,3,2,5,325,10,Promising / Needs Attention
KW-16570,772,4,449.096,107.92699999999999,Kelly Williams,Consumer,1,1,1,111,3,Hibernating / Lost
LA-16780,155,11,8673.222,2059.1199,Laura Armstrong,Corporate,2,5,5,255,12,At Risk
LB-16735,49,3,50.188,18.6507,Larry Blacks,Consumer,4,1,1,411,6,Potential Loyalists
LB-16795,153,8,4985.676,-52.19099999999998,Laurel Beltran,Home Office,2,4,5,245,11,At Risk
LC-16870,28,8,2580.7039999999997,-188.25110000000004,Lena Cacioppo,Consumer,4,4,3,443,11,Loyal Customers
LC-16885,17,12,7663.126,1288.3469,Lena Creighton,Consumer,5,5,5,555,15,Champions
LC-16930,42,8,4492.946,288.26599999999996,Linda Cazamias,Corporate,4,4,5,445,13,Champions
LC-16960,437,4,3246.626,299.48019999999997,Lindsay Castell,Home Office,1,1,4,114,6,About to Sleep
LC-17050,55,5,2095.064,86.77799999999999,Liz Carlisle,Consumer,3,2,3,323,8,Promising / Needs Attention
LC-17140,14,9,2633.582,231.12520000000004,Logan Currie,Consumer,5,5,3,553,13,Loyal Customers
LD-16855,553,1,5.304,0.4641,Lela Donovan,Corporate,1,1,1,111,3,Hibernating / Lost
LD-17005,415,4,1961.934,557.1714,Lisa DeCherney,Consumer,1,1,3,113,5,About to Sleep
LE-16810,22,6,1469.45,161.76489999999998,Laurel Elliston,Consumer,5,3,2,532,10,Potential Loyalists
LF-17185,23,7,3930.5089999999996,-3583.977,Luke Foster,Consumer,5,4,4,544,13,Champions
LH-16750,152,3,287.426,12.627699999999999,Larry Hughes,Consumer,2,1,1,211,4,Hibernating / Lost
LH-16900,22,9,2295.332,526.0727,Lena Hernandez,Consumer,5,5,3,553,13,Loyal Customers
LH-17020,240,4,318.239,-242.73989999999998,Lisa Hazard,Consumer,1,1,1,111,3,Hibernating / Lost
LH-17155,386,9,1739.689,316.5202,Logan Haushalter,Consumer,1,5,3,153,9,At Risk
LL-16840,250,6,2741.2039999999997,560.0078,Lauren Leatherbury,Consumer,1,3,3,133,7,At Risk
LM-17065,392,5,1346.774,-44.87799999999999,Liz MacKendrick,Consumer,1,2,2,122,5,Hibernating / Lost
LO-17170,3,5,644.35,150.1712,Lori Olson,Corporate,5,2,1,521,8,Potential Loyalists
LP-17080,41,4,756.606,110.7813,Liz Pelletier,Consumer,4,1,1,411,6,Potential Loyalists
LP-17095,10,7,3653.399,338.44539999999995,Liz Preis,Consumer,5,4,4,544,13,Champions
LR-16915,27,6,5142.892,535.4764,Lena Radford,Consumer,5,3,5,535,13,Loyal Customers
LR-17035,133,5,1879.306,-382.8079,Lisa Ryan,Corporate,2,2,3,223,7,About to Sleep
LS-16945,179,6,2845.27,-318.77369999999996,Linda Southworth,Corporate,2,3,4,234,9,At Risk
LS-16975,21,9,2988.674,262.63669999999996,Lindsay Shagiari,Home Office,5,5,4,554,14,Champions
LS-17200,97,6,1010.2560000000001,244.197,Luke Schmidt,Corporate,3,3,2,332,8,Promising / Needs Attention
LS-17230,778,3,368.88000000000005,39.1952,Lycoris Saunders,Consumer,1,1,1,111,3,Hibernating / Lost
LS-17245,35,6,1008.1360000000001,348.3584,Lynn Smith,Consumer,4,3,2,432,9,Potential Loyalists
LT-16765,27,3,329.876,59.036,Larry Tron,Consumer,5,1,1,511,7,Potential Loyalists
LT-17110,35,8,2936.252,320.973,Liz Thompson,Consumer,4,4,4,444,12,Champions
LW-16825,89,5,2238.061,32.5767,Laurel Workman,Corporate,3,2,3,323,8,Promising / Needs Attention
LW-16990,34,6,3230.308,662.8339000000001,Lindsay Williams,Corporate,4,3,4,434,11,Loyal Customers
LW-17125,206,3,1259.04,192.6312,Liz Willingham,Consumer,2,1,2,212,5,Hibernating / Lost
LW-17215,22,7,5420.514,837.2411,Luke Weiss,Consumer,5,4,5,545,14,Champions
MA-17560,65,11,4299.161,1240.2266,Matt Abelman,Home Office,3,5,5,355,13,Loyal Customers
MA-17995,187,6,2453.284,280.7822,Michelle Arnett,Home Office,2,3,3,233,8,At Risk
MB-17305,49,10,1548.702,212.425,Maria Bertelson,Consumer,4,5,2,452,11,Promising / Needs Attention
MB-18085,45,7,1428.231,117.8057,Mick Brown,Consumer,4,4,2,442,10,Promising / Needs Attention
MC-17275,77,8,2725.982,461.0014,Marc Crier,Consumer,3,4,3,343,10,Loyal Customers
MC-17425,400,5,4432.138,1802.3903,Mark Cousins,Corporate,1,2,5,125,8,About to Sleep
MC-17575,28,8,1303.893,210.7493,Matt Collins,Consumer,4,4,2,442,10,Promising / Needs Attention
MC-17590,52,6,2426.067,288.98409999999996,Matt Collister,Corporate,4,3,3,433,10,Loyal Customers
MC-17605,113,8,2258.192,195.4486,Matt Connell,Corporate,2,4,3,243,9,At Risk
MC-17635,190,4,795.154,-247.94350000000003,Matthew Clasen,Corporate,2,1,1,211,4,Hibernating / Lost
MC-17845,2,7,3805.714,698.4174,Michael Chen,Consumer,5,4,4,544,13,Champions
MC-18100,42,10,2218.98,-64.1668,Mick Crebagga,Consumer,4,5,3,453,12,Loyal Customers
MC-18130,370,5,1581.9979999999998,121.7565,Mike Caudle,Corporate,1,2,2,122,5,Hibernating / Lost
MD-17350,118,7,3766.382,-241.94999999999996,Maribeth Dona,Consumer,2,4,4,244,10,At Risk
MD-17860,37,5,1204.91,-4.040300000000002,Michael Dominguez,Corporate,4,2,2,422,8,Potential Loyalists
ME-17320,43,10,10663.728000000001,1859.4695,Maria Etezadi,Home Office,4,5,5,455,14,Champions
ME-17725,29,8,1908.4532,77.81280000000001,Max Engle,Consumer,4,4,3,443,11,Loyal Customers
ME-18010,93,4,1256.944,107.3604,Michelle Ellison,Corporate,3,2,2,322,7,Promising / Needs Attention
MF-17665,422,5,937.039,-341.52650000000006,Maureen Fritzler,Corporate,1,2,1,121,4,Hibernating / Lost
MF-18250,8,5,1758.3,456.86080000000004,Monica Federle,Corporate,5,2,3,523,10,Potential Loyalists
MG-17650,30,7,3785.276,341.898,Matthew Grinstein,Home Office,4,4,4,444,12,Champions
MG-17680,93,4,2350.188,25.888599999999972,Maureen Gastineau,Home Office,3,2,3,323,8,Promising / Needs Attention
MG-17695,556,3,1342.282,-398.79319999999996,Maureen Gnade,Consumer,1,1,2,112,4,Hibernating / Lost
MG-17875,117,5,1242.8329999999999,-470.7684,Michael Grace,Home Office,2,2,2,222,6,Hibernating / Lost
MG-17890,100,9,776.384,171.7372,Michael Granlund,Home Office,3,5,1,351,9,Promising / Needs Attention
MG-18145,85,4,3061.543,-93.603,Mike Gockenbach,Consumer,3,2,4,324,9,Promising / Needs Attention
MG-18205,265,1,16.739,-1.2453,Mitch Gastineau,Corporate,1,1,1,111,3,Hibernating / Lost
MH-17290,120,6,2394.025,28.761200000000038,Marc Harrigan,Home Office,2,3,3,233,8,At Risk
MH-17440,377,4,400.016,61.428599999999996,Mark Haberlin,Corporate,1,2,1,121,4,Hibernating / Lost
MH-17455,86,8,2456.1820000000002,484.77330000000006,Mark Hamilton,Consumer,3,4,3,343,10,Loyal Customers
MH-17620,156,4,1252.8,122.3612,Matt Hagelstein,Corporate,2,2,2,222,6,Hibernating / Lost
MH-17785,99,7,2203.7780000000002,238.5614,Maya Herman,Corporate,3,4,3,343,10,Loyal Customers
MH-18025,50,5,2984.948,476.9032,Michelle Huthwaite,Consumer,4,2,4,424,10,Potential Loyalists
MH-18115,6,9,5503.093,170.9746,Mick Hernandez,Home Office,5,5,5,555,15,Champions
MJ-17740,23,7,6320.746,1054.5529000000001,Max Jones,Consumer,5,4,5,545,14,Champions
MK-17905,29,8,2302.368,-405.3559,Michael Kennedy,Corporate,4,4,3,443,11,Loyal Customers
MK-18160,241,4,1031.602,227.83380000000002,Mike Kennedy,Consumer,1,2,2,122,5,Hibernating / Lost
ML-17395,70,9,2722.843,684.9162,Marina Lichtenstein,Corporate,3,5,3,353,11,Loyal Customers
ML-17410,55,6,2921.5,-76.17550000000003,Maris LaWare,Consumer,3,3,4,334,10,Loyal Customers
ML-17755,30,7,2071.9139999999998,409.51120000000003,Max Ludwig,Home Office,4,4,3,443,11,Loyal Customers
ML-18040,80,3,742.082,138.71620000000001,Michelle Lonsdale,Corporate,3,1,1,311,5,Promising / Needs Attention
ML-18265,101,2,162.232,42.6648,Muhammed Lee,Consumer,3,1,1,311,5,Promising / Needs Attention
MM-17260,169,4,1314.023,178.402,Magdelene Morse,Consumer,2,2,2,222,6,Hibernating / Lost
MM-17920,8,11,3794.0800000000004,82.12499999999997,Michael Moore,Consumer,5,5,4,554,14,Champions
MM-18055,62,8,2749.881,-520.3443,Michelle Moray,Consumer,3,4,3,343,10,Loyal Customers
MM-18280,86,9,775.414,58.8916,Muhammed MacIntyre,Corporate,3,5,1,351,9,Promising / Needs Attention
MN-17935,35,6,2477.946,290.8227,Michael Nguyen,Consumer,4,3,3,433,10,Loyal Customers
MO-17500,73,4,922.487,59.357699999999994,Mary O'Rourke,Consumer,3,2,1,321,6,Promising / Needs Attention
MO-17800,105,8,1687.0269999999998,169.34369999999998,Meg O'Connel,Home Office,2,4,2,242,8,Promising / Needs Attention
MO-17950,181,2,154.288,-82.0074,Michael Oakman,Consumer,2,1,1,211,4,Hibernating / Lost
MP-17470,720,7,3206.132,600.2873,Mark Packer,Home Office,1,4,4,144,9,At Risk
MP-17965,73,9,3983.6420000000003,638.1563,Michael Paige,Corporate,3,5,4,354,12,Loyal Customers
MP-18175,17,9,5087.92,226.4529,Mike Pelletier,Home Office,5,5,5,555,15,Champions
MR-17545,126,4,639.178,162.9363,Mathew Reese,Home Office,2,2,1,221,5,Hibernating / Lost
MS-17365,274,10,7443.6900000000005,844.9354999999998,Maribeth Schnelling,Consumer,1,5,5,155,11,At Risk
MS-17530,435,4,475.65599999999995,84.0268,MaryBeth Skach,Consumer,1,2,1,121,4,Hibernating / Lost
MS-17710,414,6,1613.402,247.4348,Maurice Satty,Consumer,1,3,2,132,6,Promising / Needs Attention
MS-17770,122,9,3144.678,280.85839999999996,Maxwell Schwartz,Consumer,2,5,4,254,11,At Risk
MS-17830,453,4,370.348,19.431199999999997,Melanie Seite,Consumer,1,2,1,121,4,Hibernating / Lost
MS-17980,27,6,855.116,55.226,Michael Stewart,Corporate,5,3,1,531,9,Potential Loyalists
MT-17815,50,6,2890.139,509.0068,Meg Tillman,Consumer,4,3,4,434,11,Loyal Customers
MT-18070,204,4,1319.4498,-23.676300000000005,Michelle Tran,Home Office,2,2,2,222,6,Hibernating / Lost
MV-17485,28,9,1560.05,189.0258,Mark Van Huff,Consumer,4,5,2,452,11,Promising / Needs Attention
MV-18190,20,7,1734.574,273.8582,Mike Vittorini,Consumer,5,4,2,542,11,Promising / Needs Attention
MW-18220,18,7,5341.900000000001,1238.422,Mitch Webber,Consumer,5,4,5,545,14,Champions
MW-18235,45,2,5253.876,1665.516,Mitch Willingham,Corporate,4,1,5,415,10,Potential Loyalists
MY-17380,30,7,2254.285,319.1211,Maribeth Yedwab,Corporate,4,4,3,443,11,Loyal Customers
MY-18295,72,11,4152.696,-371.7111,Muhammed Yedwab,Corporate,3,5,4,354,12,Loyal Customers
MZ-17335,31,4,593.606,85.01910000000001,Maria Zettner,Home Office,4,2,1,421,7,Potential Loyalists
MZ-17515,283,6,2564.906,787.7503,Mary Zewe,Corporate,1,3,3,133,7,At Risk
NB-18580,1166,2,273.87199999999996,24.788800000000002,Nicole Brennan,Corporate,1,1,1,111,3,Hibernating / Lost
NB-18655,20,9,1972.599,117.6429,Nona Balk,Corporate,5,5,3,553,13,Loyal Customers
NC-18340,225,5,2461.404,580.3075,Nat Carroll,Consumer,2,2,3,223,7,About to Sleep
NC-18415,42,6,2218.9900000000002,-2204.8072,Nathan Cano,Consumer,4,3,3,433,10,Loyal Customers
NC-18535,7,7,8241.739,1314.758,Nick Crebassa,Corporate,5,4,5,545,14,Champions
NC-18625,205,5,1821.742,-359.02099999999996,Noah Childs,Corporate,2,2,3,223,7,About to Sleep
ND-18370,28,9,4326.139,353.64549999999997,Natalie DeCherney,Consumer,4,5,5,455,14,Champions
ND-18460,184,6,2893.455,443.33680000000004,Neil Ducich,Corporate,2,3,4,234,9,At Risk
NF-18385,80,7,8322.826,-1695.9714,Natalie Fritzler,Consumer,3,4,5,345,12,Loyal Customers
NF-18475,526,4,377.16200000000003,85.92779999999999,Neil Französisch,Home Office,1,2,1,121,4,Hibernating / Lost
NF-18595,115,7,2031.472,388.2131,Nicole Fjeld,Home Office,2,4,3,243,9,At Risk
NG-18355,49,5,1869.58,313.63349999999997,Nat Gilpin,Corporate,4,2,3,423,9,Potential Loyalists
NG-18430,49,5,1395.9379999999999,217.0893,Nathan Gelder,Consumer,4,2,2,422,8,Potential Loyalists
NH-18610,190,7,2673.29,760.1666,Nicole Hansen,Corporate,2,4,3,243,9,At Risk
NK-18490,71,7,572.048,121.2177,Neil Knudson,Home Office,3,4,1,341,8,Promising / Needs Attention
NL-18310,59,4,1418.0900000000001,343.6381,Nancy Lomonaco,Home Office,3,2,2,322,7,Promising / Needs Attention
NM-18445,161,7,6459.344,2751.6848999999997,Nathan Mautz,Home Office,2,4,5,245,11,At Risk
NM-18520,245,10,2161.979,788.9525000000001,Neoma Murray,Consumer,1,5,3,153,9,At Risk
NP-18325,26,6,5529.62,1208.8890000000001,Naresj Patel,Consumer,5,3,5,535,13,Loyal Customers
NP-18670,59,5,3908.402,514.6002,Nora Paige,Consumer,3,2,4,324,9,Promising / Needs Attention
NP-18685,407,6,1228.698,514.5017,Nora Pelletier,Home Office,1,3,2,132,6,Promising / Needs Attention
NP-18700,139,7,7903.1825,631.2282,Nora Preis,Consumer,2,4,5,245,11,At Risk
NR-18550,211,5,2367.277,-25.148799999999966,Nick Radford,Consumer,2,2,3,223,7,About to Sleep
NS-18505,7,4,2575.863,-12.303999999999997,Neola Schneider,Consumer,5,2,3,523,10,Potential Loyalists
NS-18640,175,13,2964.823,-234.7714,Noel Staavos,Corporate,2,5,4,254,11,At Risk
NW-18400,173,7,7234.014,1023.123,Natalie Webber,Consumer,2,4,5,245,11,At Risk
NZ-18565,86,9,2488.31,402.4236,Nick Zandusky,Home Office,3,5,3,353,11,Loyal Customers
ON-18715,411,9,1567.52,-5.88900000000001,Odella Nelson,Corporate,1,5,2,152,8,Promising / Needs Attention
OT-18730,66,5,3818.624,-925.1203,Olvera Toch,Consumer,3,2,4,324,9,Promising / Needs Attention
PA-19060,104,6,729.408,225.8588,Pete Armstrong,Home Office,3,3,1,331,7,Promising / Needs Attention
PB-18805,26,3,740.356,229.2257,Patrick Bzostek,Home Office,5,1,1,511,7,Potential Loyalists
PB-19105,58,4,688.324,218.15970000000002,Peter Bühler,Consumer,3,2,1,321,6,Promising / Needs Attention
PB-19150,98,8,1456.95,280.6606,Philip Brown,Consumer,3,4,2,342,9,Promising / Needs Attention
PB-19210,689,2,132.738,21.897000000000002,Phillip Breyer,Corporate,1,1,1,111,3,Hibernating / Lost
PC-18745,3,4,1832.064,272.685,Pamela Coakley,Corporate,5,2,3,523,10,Potential Loyalists
PC-19000,883,2,1061.488,-184.3364,Pauline Chand,Home Office,1,1,2,112,4,Hibernating / Lost
PF-19120,836,4,9062.864,-614.2943000000001,Peter Fuller,Consumer,1,2,5,125,8,About to Sleep
PF-19165,197,6,2770.0,196.87389999999996,Philip Fox,Consumer,2,3,4,234,9,At Risk
PF-19225,115,5,2206.1279999999997,591.3118000000001,Phillip Flathmann,Consumer,2,2,3,223,7,About to Sleep
PG-18820,37,13,3086.907,137.46130000000002,Patrick Gardner,Consumer,4,5,4,454,13,Champions
PG-18895,58,9,1987.164,334.5163,Paul Gonzalez,Consumer,3,5,3,353,11,Loyal Customers
PH-18790,71,1,729.648,47.8878,Patricia Hirasaki,Home Office,3,1,1,311,5,Promising / Needs Attention
PJ-18835,40,8,1220.09,442.1355,Patrick Jones,Corporate,4,4,2,442,10,Promising / Needs Attention
PJ-19015,135,7,1824.2340000000002,682.9979000000001,Pauline Johnson,Consumer,2,4,3,243,9,At Risk
PK-18910,484,2,1441.152,-798.705,Paul Knutson,Home Office,1,1,2,112,4,Hibernating / Lost
PK-19075,10,12,8646.934,2038.2676000000001,Pete Kriz,Consumer,5,5,5,555,15,Champions
PL-18925,16,5,239.481,-0.7527000000000026,Paul Lucas,Home Office,5,2,1,521,8,Potential Loyalists
PM-18940,387,3,1405.402,157.8768,Paul MacIntyre,Consumer,1,1,2,112,4,Hibernating / Lost
PM-19135,52,4,4115.662,526.7537,Peter McVee,Home Office,4,2,4,424,10,Potential Loyalists
PN-18775,31,8,1467.152,192.0396,Parhena Norris,Home Office,4,4,2,442,10,Promising / Needs Attention
PO-18850,5,11,7473.8282,38.47569999999996,Patrick O'Brill,Consumer,5,5,5,555,15,Champions
PO-18865,1,7,2493.214,437.8533,Patrick O'Donnell,Consumer,5,4,3,543,12,Loyal Customers
PO-19180,161,9,4893.043,1155.4331,Philisse Overcash,Home Office,2,5,5,255,12,At Risk
PO-19195,87,5,1056.858,-49.70089999999999,Phillina Ober,Home Office,3,2,2,322,7,Promising / Needs Attention
PP-18955,98,10,7252.608,1495.0854,Paul Prost,Home Office,3,5,5,355,13,Loyal Customers
PR-18880,37,5,1840.178,247.6226,Patrick Ryan,Consumer,4,2,3,423,9,Potential Loyalists
PS-18760,108,6,2181.479,-134.441,Pamela Stobb,Consumer,2,3,3,233,8,At Risk
PS-18970,70,8,1278.639,198.5099,Paul Stevenson,Home Office,3,4,2,342,9,Promising / Needs Attention
PS-19045,237,7,6843.634,1742.7296999999999,Penelope Sewall,Home Office,1,4,5,145,10,At Risk
PT-19090,72,4,160.572,-20.0508,Pete Takahito,Consumer,3,2,1,321,6,Promising / Needs Attention
PV-18985,90,5,2876.046,434.52840000000003,Paul Van Hugh,Home Office,3,2,4,324,9,Promising / Needs Attention
PW-19030,47,10,3454.916,803.8169,Pauline Webber,Corporate,4,5,4,454,13,Champions
PW-19240,465,7,3922.4150000000004,1290.354,Pierre Wener,Consumer,1,4,4,144,9,At Risk
QJ-19255,26,9,6108.338,1203.6768,Quincy Jones,Corporate,5,5,5,555,15,Champions
RA-19285,6,9,2617.906,546.0882,Ralph Arnett,Consumer,5,5,3,553,13,Loyal Customers
RA-19885,44,7,3832.314,1292.8656,Ruben Ausman,Corporate,4,4,4,444,12,Champions
RA-19915,13,9,4793.543,304.8673,Russell Applegate,Consumer,5,5,5,555,15,Champions
RA-19945,62,5,1686.9225,-445.695,Ryan Akin,Consumer,3,2,2,322,7,Promising / Needs Attention
RB-19330,69,2,1008.1959999999999,-164.40619999999998,Randy Bradley,Consumer,3,1,2,312,6,Promising / Needs Attention
RB-19360,97,6,15117.339,6976.0959,Raymond Buch,Consumer,3,3,5,335,11,Loyal Customers
RB-19435,20,8,2663.0860000000002,477.23990000000003,Richard Bierner,Consumer,5,4,3,543,12,Loyal Customers
RB-19465,10,12,4715.466,640.5466,Rick Bensley,Home Office,5,5,5,555,15,Champions
RB-19570,26,5,528.546,76.8879,Rob Beeghly,Consumer,5,2,1,521,8,Potential Loyalists
RB-19645,649,5,221.084,72.679,Robert Barroso,Corporate,1,2,1,121,4,Hibernating / Lost
RB-19705,55,4,2067.45,243.07549999999998,Roger Barcio,Home Office,3,2,3,323,8,Promising / Needs Attention
RB-19795,33,8,5633.316000000001,-461.73319999999995,Ross Baird,Home Office,4,4,5,445,13,Champions
RC-19825,370,6,966.409,63.991400000000006,Roy Collins,Consumer,1,3,2,132,6,Promising / Needs Attention
RC-19960,111,6,885.752,10.563300000000002,Ryan Crowe,Consumer,2,3,1,231,6,Promising / Needs Attention
RD-19480,73,8,4272.93,480.594,Rick Duston,Consumer,3,4,4,344,11,Loyal Customers
RD-19585,181,10,2912.8940000000002,734.5158,Rob Dowd,Consumer,2,5,4,254,11,At Risk
RD-19660,115,5,2786.632,835.772,Robert Dilbeck,Home Office,2,2,4,224,8,About to Sleep
RD-19720,22,10,1419.737,207.3304,Roger Demir,Consumer,5,5,2,552,12,Promising / Needs Attention
RD-19810,15,8,1137.616,318.4625,Ross DeVincentis,Home Office,5,4,2,542,11,Promising / Needs Attention
RD-19900,115,9,3133.924,455.5292,Ruben Dartt,Consumer,2,5,4,254,11,At Risk
RD-19930,43,4,970.9420000000001,35.05740000000001,Russell D'Ascenzo,Consumer,4,2,2,422,8,Potential Loyalists
RE-19405,1098,1,48.36,6.045,Ricardo Emerson,Consumer,1,1,1,111,3,Hibernating / Lost
RE-19450,303,5,876.696,209.2294,Richard Eichhorn,Consumer,1,2,1,121,4,Hibernating / Lost
RF-19345,391,8,3309.15,633.7072000000001,Randy Ferguson,Corporate,1,4,4,144,9,At Risk
RF-19735,90,7,2341.2960000000003,711.6168,Roland Fjeld,Consumer,3,4,3,343,10,Loyal Customers
RF-19840,7,8,945.222,280.0261,Roy Französisch,Consumer,5,4,1,541,10,Promising / Needs Attention
RH-19495,33,5,3621.3759999999997,563.7877,Rick Hansen,Consumer,4,2,4,424,10,Potential Loyalists
RH-19510,468,6,6979.18,1289.4535,Rick Huthwaite,Home Office,1,3,5,135,9,At Risk
RH-19555,520,2,740.382,0.30570000000000164,Ritsa Hightower,Consumer,1,1,1,111,3,Hibernating / Lost
RH-19600,535,3,2085.7400000000002,172.6261,Rob Haberlin,Consumer,1,1,3,113,5,About to Sleep
RK-19300,120,3,1460.192,269.688,Ralph Kennedy,Consumer,2,1,2,212,5,Hibernating / Lost
RL-19615,122,8,6234.91,488.14840000000004,Rob Lucas,Consumer,2,4,5,245,11,At Risk
RM-19375,346,6,1453.474,392.1499,Raymond Messe,Consumer,1,3,2,132,6,Promising / Needs Attention
RM-19675,7,5,5979.0960000000005,1902.5438000000001,Robert Marley,Home Office,5,2,5,525,12,Potential Loyalists
RM-19750,300,1,98.35,28.6879,Roland Murray,Consumer,1,1,1,111,3,Hibernating / Lost
RO-19780,36,7,3815.478,-1262.5716000000002,Rose O'Brian,Consumer,4,4,4,444,12,Champions
RP-19270,497,4,954.6452,59.538399999999996,Rachel Payne,Corporate,1,2,1,121,4,Hibernating / Lost
RP-19390,34,12,5153.084,465.25030000000015,Resi Pölking,Consumer,4,5,5,455,14,Champions
RP-19855,29,8,2170.716,594.5868,Roy Phan,Corporate,4,4,3,443,11,Loyal Customers
RR-19315,20,2,615.932,-73.835,Ralph Ritter,Consumer,5,1,1,511,7,Potential Loyalists
RR-19525,171,6,3302.2619999999997,721.6826,Rick Reed,Corporate,2,3,4,234,9,At Risk
RS-19420,77,5,3221.29,633.4513999999999,Ricardo Sperren,Corporate,3,2,4,324,9,Promising / Needs Attention
RS-19765,37,8,4159.7699999999995,1206.3851,Roland Schwarz,Corporate,4,4,4,444,12,Champions
RS-19870,20,2,22.328,9.5838,Roy Skaria,Home Office,5,1,1,511,7,Potential Loyalists
RW-19540,121,7,7397.401,1586.6273,Rick Wilson,Corporate,2,4,5,245,11,At Risk
RW-19630,90,9,3279.746,698.8325,Rob Williams,Corporate,3,5,4,354,12,Loyal Customers
RW-19690,80,5,3495.646,707.5503,Robert Waldorf,Consumer,3,2,4,324,9,Promising / Needs Attention
SA-20830,64,10,4767.3415,610.1496000000001,Sue Ann Reed,Consumer,3,5,5,355,13,Loyal Customers
SB-20170,202,3,1348.02,157.6658,Sarah Bern,Consumer,2,1,2,212,5,Hibernating / Lost
SB-20185,189,6,6410.996,885.4623999999999,Sarah Brown,Consumer,2,3,5,235,10,At Risk
SB-20290,48,7,8057.891,-2082.7451,Sean Braxton,Corporate,4,4,5,445,13,Champions
SC-20020,782,5,3362.9636,-317.0508,Sam Craven,Consumer,1,2,4,124,7,About to Sleep
SC-20050,41,9,4624.572,1011.7443,Sample Company A,Home Office,4,5,5,455,14,Champions
SC-20095,350,9,14142.333999999999,5757.411899999999,Sanjit Chand,Consumer,1,5,5,155,11,At Risk
SC-20230,150,4,4371.9580000000005,440.14099999999996,Scot Coram,Corporate,2,2,5,225,9,About to Sleep
SC-20260,188,8,3729.7929999999997,671.0033999999999,Scott Cohen,Corporate,2,4,4,244,10,At Risk
SC-20305,30,7,3979.065,229.1617,Sean Christensen,Consumer,4,4,4,444,12,Champions
SC-20380,31,9,5992.536,236.66149999999996,Shahid Collister,Consumer,4,5,5,455,14,Champions
SC-20440,37,7,1874.998,379.5611,Shaun Chance,Corporate,4,4,3,443,11,Loyal Customers
SC-20575,93,5,902.7280000000001,100.2253,Sonia Cooley,Consumer,3,2,1,321,6,Promising / Needs Attention
SC-20680,127,6,1254.64,370.1578,Steve Carroll,Home Office,2,3,2,232,7,Promising / Needs Attention
SC-20695,90,10,2576.408,611.8291,Steve Chapman,Corporate,3,5,3,353,11,Loyal Customers
SC-20725,188,11,5226.21,1276.6513,Steven Cartwright,Consumer,2,5,5,255,12,At Risk
SC-20770,42,7,4492.657,-671.1874,Stewart Carmichael,Corporate,4,4,5,445,13,Champions
SC-20800,31,4,279.25600000000003,51.8252,Stuart Calhoun,Consumer,4,2,1,421,7,Potential Loyalists
SC-20845,132,2,280.632,31.1757,Sung Chung,Consumer,2,1,1,211,4,Hibernating / Lost
SD-20485,201,9,6121.114,1985.1671999999999,Shirley Daniels,Home Office,2,5,5,255,12,At Risk
SE-20110,10,11,12209.438000000002,2650.6769,Sanjit Engle,Consumer,5,5,5,555,15,Champions
SF-20065,60,7,763.5459999999999,228.1623,Sandra Flanagan,Consumer,3,4,1,341,8,Promising / Needs Attention
SF-20200,60,9,3422.7859999999996,286.9046,Sarah Foster,Consumer,3,5,4,354,12,Loyal Customers
SF-20965,49,9,3336.535,539.9352,Sylvia Foulston,Corporate,4,5,4,454,13,Champions
SG-20080,9,3,3406.5809999999997,570.438,Sandra Glassco,Consumer,5,1,4,514,10,Potential Loyalists
SG-20470,184,8,1884.798,-119.0105,Sheri Gordon,Consumer,2,4,3,243,9,At Risk
SG-20605,109,6,3124.832,463.269,Speros Goranitis,Consumer,2,3,4,234,9,At Risk
SG-20890,227,3,47.946,-3.7073,Susan Gilcrest,Corporate,1,1,1,111,3,Hibernating / Lost
SH-19975,30,13,3406.8395,558.4739999999999,Sally Hughsby,Corporate,4,5,4,454,13,Champions
SH-20395,24,10,2180.718,-144.5229,Shahid Hopkins,Consumer,5,5,3,553,13,Loyal Customers
SH-20635,766,2,2096.392,260.6258,Stefanie Holloman,Corporate,1,1,3,113,5,About to Sleep
SJ-20125,96,12,3949.656,144.1189,Sanjit Jacobs,Home Office,3,5,4,354,12,Loyal Customers
SJ-20215,30,6,1341.036,-23.5137,Sarah Jordon,Consumer,4,3,2,432,9,Potential Loyalists
SJ-20500,254,5,1318.776,68.09629999999999,Shirley Jackson,Consumer,1,2,2,122,5,Hibernating / Lost
SK-19990,9,3,883.409,168.7933,Sally Knutson,Consumer,5,1,1,511,7,Potential Loyalists
SL-20155,71,7,3053.012,527.9715,Sara Luxemburg,Home Office,3,4,4,344,11,Loyal Customers
SM-20005,422,4,244.49399999999997,-26.5927,Sally Matthias,Consumer,1,2,1,121,4,Hibernating / Lost
SM-20320,80,5,25043.05,-1980.7393,Sean Miller,Home Office,3,2,5,325,10,Promising / Needs Attention
SM-20905,607,1,1043.041,-237.2885,Susan MacKendrick,Consumer,1,1,2,112,4,Hibernating / Lost
SM-20950,26,12,5563.392,581.5741999999999,Suzanne McNair,Corporate,5,5,5,555,15,Champions
SN-20560,112,6,1860.418,-716.8565000000001,Skye Norling,Home Office,2,3,3,233,8,At Risk
SN-20710,80,7,3127.9592,481.74989999999997,Steve Nguyen,Home Office,3,4,4,344,11,Loyal Customers
SO-20335,30,6,2602.5755,-81.0858,Sean O'Donnell,Consumer,4,3,3,433,10,Loyal Customers
SP-20545,328,6,1306.086,-118.77570000000001,Sibella Parks,Corporate,1,3,2,132,6,Promising / Needs Attention
SP-20620,48,9,5440.319,-270.42819999999995,Stefania Perrino,Corporate,4,5,5,455,14,Champions
SP-20650,387,9,1872.4360000000001,268.4782,Stephanie Phelps,Corporate,1,5,3,153,9,At Risk
SP-20860,80,10,4282.94,566.7226,Sung Pak,Corporate,3,5,5,355,13,Loyal Customers
SP-20920,71,6,3990.689,14.692400000000003,Susan Pistek,Consumer,3,3,4,334,10,Loyal Customers
SR-20425,9,5,3233.481,-3333.9144,Sharelle Roach,Home Office,5,2,4,524,11,Potential Loyalists
SR-20740,197,8,4345.8859999999995,1990.4243999999999,Steven Roelle,Home Office,2,4,5,245,11,At Risk
SS-20140,16,8,1324.028,332.3487,Saphhira Shifley,Corporate,5,4,2,542,11,Promising / Needs Attention
SS-20410,111,6,3056.8070000000002,-1010.9738,Shahid Shariari,Consumer,2,3,4,234,9,At Risk
SS-20515,492,3,613.4,199.93449999999999,Shirley Schmidt,Home Office,1,1,1,111,3,Hibernating / Lost
SS-20590,433,6,418.49,135.5401,Sonia Sunley,Consumer,1,3,1,131,5,Promising / Needs Attention
SS-20875,121,5,964.636,-75.586,Sung Shariari,Consumer,2,2,2,222,6,Hibernating / Lost
ST-20530,126,7,433.34000000000003,84.4419,Shui Tom,Consumer,2,4,1,241,7,Promising / Needs Attention
SU-20665,21,7,2595.364,763.4719,Stephanie Ulpright,Home Office,5,4,3,543,12,Loyal Customers
SV-20365,102,10,11470.949999999999,1199.4242,Seth Vernon,Consumer,3,5,5,355,13,Loyal Customers
SV-20785,321,9,4105.305,485.0272,Stewart Visinsky,Consumer,1,5,4,154,10,At Risk
SV-20815,77,4,1271.0900000000001,199.6502,Stuart Van,Corporate,3,2,2,322,7,Promising / Needs Attention
SV-20935,3,8,1903.491,106.8912,Susan Vittorini,Consumer,5,4,3,543,12,Loyal Customers
SW-20245,82,7,1085.078,-19.60620000000001,Scot Wooten,Consumer,3,4,2,342,9,Promising / Needs Attention
SW-20275,31,6,1966.65,332.8725,Scott Williamson,Consumer,4,3,3,433,10,Loyal Customers
SW-20350,163,3,1019.044,95.8383,Sean Wendt,Home Office,2,1,2,212,5,Hibernating / Lost
SW-20455,163,7,2921.544,793.6548,Shaun Weien,Consumer,2,4,4,244,10,At Risk
SW-20755,535,2,758.6959999999999,68.2416,Steven Ward,Corporate,1,1,1,111,3,Hibernating / Lost
SZ-20035,36,11,3625.329,366.43030000000005,Sam Zeldin,Home Office,4,5,4,454,13,Champions
TA-21385,70,4,14595.62,4703.7883,Tom Ashbrook,Home Office,3,2,5,325,10,Promising / Needs Attention
TB-21055,120,5,1467.881,390.2113,Ted Butterfield,Consumer,2,2,2,222,6,Hibernating / Lost
TB-21175,59,4,3589.296,829.1635,Thomas Boland,Corporate,3,2,4,324,9,Promising / Needs Attention
TB-21190,50,4,816.1740000000001,179.0038,Thomas Brumley,Home Office,4,2,1,421,7,Potential Loyalists
TB-21250,350,7,1602.376,260.6155,Tim Brockman,Consumer,1,4,2,142,7,Promising / Needs Attention
TB-21280,584,6,2198.45,490.9567,Toby Braunhardt,Consumer,1,3,3,133,7,At Risk
TB-21355,147,5,834.328,268.967,Todd Boyes,Corporate,2,2,1,221,5,Hibernating / Lost
TB-21400,203,7,9133.99,2798.3689,Tom Boeckenhauer,Consumer,2,4,5,245,11,At Risk
TB-21520,108,9,4737.486,-1603.0451,Tracy Blumstein,Consumer,2,5,5,255,12,At Risk
TB-21595,286,5,1387.559,-136.4091,Troy Blackwell,Consumer,1,2,2,122,5,Hibernating / Lost
TB-21625,31,9,2797.668,379.882,Trudy Brown,Consumer,4,5,4,454,13,Champions
TC-20980,400,5,19052.218,8981.323900000001,Tamara Chand,Corporate,1,2,5,125,8,About to Sleep
TC-21145,107,1,1038.26,265.5332,Theresa Coyne,Corporate,2,1,2,212,5,Hibernating / Lost
TC-21295,28,8,4266.812,606.3727,Toby Carlisle,Consumer,4,4,4,444,12,Champions
TC-21475,154,9,1244.976,119.104,Tony Chapman,Home Office,2,5,2,252,9,Promising / Needs Attention
TC-21535,5,7,742.5580000000001,217.933,Tracy Collins,Home Office,5,4,1,541,10,Promising / Needs Attention
TD-20995,38,9,1434.5480000000002,88.1897,Tamara Dahlen,Consumer,4,5,2,452,11,Promising / Needs Attention
TG-21310,338,5,3058.372,682.1704,Toby Gnade,Consumer,1,3,4,134,8,At Risk
TG-21640,115,4,2074.661,365.7205,Trudy Glocke,Consumer,2,2,3,223,7,About to Sleep
TH-21100,345,5,2422.824,-135.2125,Thea Hendricks,Consumer,1,3,3,133,7,At Risk
TH-21115,59,4,2942.772,-252.5539,Thea Hudgings,Corporate,3,2,4,324,9,Promising / Needs Attention
TH-21235,118,8,1022.201,92.729,Tiffany House,Corporate,2,4,2,242,8,Promising / Needs Attention
TH-21550,73,7,4234.0960000000005,-571.9678,Tracy Hopkins,Home Office,3,4,4,344,11,Loyal Customers
TM-21010,104,8,2955.2259999999997,573.3013,Tamara Manning,Consumer,3,4,4,344,11,Loyal Customers
TM-21490,131,3,1094.6779999999999,292.52099999999996,Tony Molinari,Consumer,2,1,2,212,5,Hibernating / Lost
TN-21040,91,7,3130.221,-692.0452,Tanja Norvell,Home Office,3,4,4,344,11,Loyal Customers
TP-21130,9,9,4454.0560000000005,1129.1261,Theone Pippenger,Consumer,5,5,5,555,15,Champions
TP-21415,105,5,5329.0048,-1087.3898,Tom Prescott,Consumer,2,3,5,235,10,At Risk
TP-21565,351,4,1936.6399999999999,139.22869999999995,Tracy Poddar,Corporate,1,2,3,123,6,About to Sleep
TR-21325,194,5,675.9419999999999,220.36440000000002,Toby Ritter,Consumer,2,3,1,231,6,Promising / Needs Attention
TS-21085,358,2,4.833,-3.3156,Thais Sissman,Consumer,1,1,1,111,3,Hibernating / Lost
TS-21160,505,6,2163.6240000000003,260.87440000000004,Theresa Swint,Corporate,1,3,3,133,7,At Risk
TS-21205,199,7,5371.09,862.8877,Thomas Seio,Corporate,2,4,5,245,11,At Risk
TS-21340,227,5,974.7819999999999,-184.97889999999998,Toby Swindell,Consumer,1,3,2,132,6,Promising / Needs Attention
TS-21370,37,6,11891.751,2371.7144000000003,Todd Sumrall,Corporate,4,3,5,435,12,Loyal Customers
TS-21430,173,5,2054.14,48.70169999999999,Tom Stivers,Corporate,2,3,3,233,8,At Risk
TS-21505,12,6,2243.274,11.377899999999983,Tony Sayre,Consumer,5,3,3,533,11,Loyal Customers
TS-21610,56,7,2820.424,-294.6981,Troy Staebel,Consumer,3,4,4,344,11,Loyal Customers
TS-21655,239,5,3368.094,220.91629999999998,Trudy Schmidt,Consumer,1,3,4,134,8,At Risk
TT-21070,32,7,4915.602,751.9567,Ted Trevino,Consumer,4,4,5,445,13,Champions
TT-21220,184,8,1427.0439999999999,278.7371,Thomas Thornton,Consumer,2,4,2,242,8,Promising / Needs Attention
TT-21265,407,3,439.5,93.9162,Tim Taslimi,Corporate,1,1,1,111,3,Hibernating / Lost
TT-21460,13,7,5364.808,1124.4999,Tonja Turnell,Home Office,5,4,5,545,14,Champions
TW-21025,65,7,5278.826,737.3905,Tamara Willingham,Home Office,3,4,5,345,12,Loyal Customers
TZ-21580,36,4,1707.286,224.8887,Tracy Zic,Consumer,4,2,2,422,8,Potential Loyalists
VB-21745,55,6,2005.596,371.2398,Victoria Brennan,Corporate,3,3,3,333,9,Loyal Customers
VD-21670,582,6,6442.254,1617.7874000000002,Valerie Dominguez,Consumer,1,3,5,135,9,At Risk
VF-21715,14,5,847.944,-96.27799999999999,Vicky Freymann,Home Office,5,3,1,531,9,Potential Loyalists
VG-21790,155,6,846.01,143.6268,Vivek Gonzalez,Consumer,2,3,1,231,6,Promising / Needs Attention
VG-21805,287,5,427.372,-52.333,Vivek Grady,Corporate,1,3,1,131,5,Promising / Needs Attention
VM-21685,55,7,2454.866,513.5269,Valerie Mitchum,Home Office,3,4,3,343,10,Loyal Customers
VM-21835,118,5,380.69,116.6373,Vivian Mathis,Consumer,2,3,1,231,6,Promising / Needs Attention
VP-21730,31,3,993.9019999999999,205.3888,Victor Preis,Home Office,4,1,2,412,7,Potential Loyalists
VP-21760,76,7,3360.526,-1018.7768,Victoria Pisteka,Corporate,3,4,4,344,11,Loyal Customers
VS-21820,222,4,1055.981,-262.8093,Vivek Sundaresam,Consumer,2,2,2,222,6,Hibernating / Lost
VT-21700,1001,2,1736.596,-224.08889999999997,Valerie Takahito,Home Office,1,1,2,112,4,Hibernating / Lost
VW-21775,29,10,6134.0380000000005,-874.6645,Victoria Wilson,Corporate,4,5,5,455,14,Champions
WB-21850,21,11,6160.102,714.3311,William Brown,Consumer,5,5,5,555,15,Champions
XP-21865,44,11,2374.658,621.23,Xylona Preis,Consumer,4,5,3,453,12,Loyal Customers
YC-21895,5,5,5454.35,1305.629,Yoseph Carroll,Corporate,5,3,5,535,13,Loyal Customers
YS-21880,10,8,6720.4439999999995,1778.2923,Yana Sorensen,Corporate,5,4,5,545,14,Champions
ZC-21910,55,13,8025.707,-1032.1490000000001,Zuschuss Carroll,Consumer,3,5,5,355,13,Loyal Customers
ZD-21925,203,5,1493.944,249.1307,Zuschuss Donatelli,Consumer,2,3,2,232,7,Promising / Needs Attention
