customer_id,customer_name,segment,recency,frequency,monetary,r_score,f_score,m_score,rfm_score,rfm_segment
CG-12520,Claire Gute,Consumer,338,3,1148.7800000000002,1,1,2,112,Lost Customers
DV-13045,Darrin Van Huff,Corporate,19,5,1119.483,5,2,2,522,Potential Loyalists
SO-20335,Sean O'Donnell,Consumer,29,6,2602.5755,4,3,3,433,Loyal Customers
BH-11710,Brosina Hoffman,Consumer,23,8,6255.351,5,4,5,545,Champions
AA-10480,Andrew Allen,Consumer,259,4,1790.5120000000002,1,1,3,113,About to Sleep
IM-15070,Irene Maddox,Consumer,390,7,4930.474,1,4,5,145,At Risk
HP-14815,Harold Pawlan,Home Office,30,7,1990.314,4,4,3,443,Loyal Customers
PK-19075,Pete Kriz,Consumer,9,12,8646.934,5,5,5,555,Champions
AG-10270,Alejandro Grove,Consumer,278,5,2582.898,1,2,3,123,About to Sleep
ZD-21925,Zuschuss Donatelli,Consumer,202,5,1493.944,2,3,2,232,Hibernating
KB-16585,Ken Black,Corporate,230,12,2744.742,1,5,3,153,At Risk
SF-20065,Sandra Flanagan,Consumer,59,7,763.5459999999999,3,4,1,341,Hibernating
EB-13870,Emily Burns,Consumer,100,10,2767.219,3,5,4,354,Loyal Customers
EH-13945,Eric Hoffmann,Consumer,217,8,684.1709999999999,2,4,1,241,Hibernating
TB-21520,Tracy Blumstein,Consumer,107,9,4737.486,2,5,5,255,At Risk
MA-17560,Matt Abelman,Home Office,64,11,4299.161,3,5,5,355,Loyal Customers
GH-14485,Gene Hale,Corporate,387,2,1361.244,1,1,2,112,Lost Customers
SN-20710,Steve Nguyen,Home Office,79,7,3127.9592,3,4,4,344,Loyal Customers
LC-16930,Linda Cazamias,Corporate,41,8,4492.946,4,4,5,445,Champions
RA-19885,Ruben Ausman,Corporate,43,7,3832.314,4,4,4,444,Champions
ES-14080,Erin Smith,Corporate,28,9,4657.924,4,5,5,455,Champions
ON-18715,Odella Nelson,Corporate,410,9,1567.52,1,5,2,152,Hibernating
PO-18865,Patrick O'Donnell,Consumer,0,7,2493.214,5,4,3,543,Loyal Customers
LH-16900,Lena Hernandez,Consumer,21,9,2295.332,5,5,3,553,Loyal Customers
DP-13000,Darren Powers,Consumer,126,9,1050.636,2,5,2,252,Hibernating
JM-15265,Janet Molinari,Corporate,37,5,1804.146,4,2,3,423,Potential Loyalists
TB-21055,Ted Butterfield,Consumer,119,5,1467.881,2,2,2,222,Lost Customers
KM-16720,Kunst Miller,Consumer,28,8,4909.472,4,4,5,445,Champions
PS-18970,Paul Stevenson,Home Office,69,8,1278.639,3,4,2,342,Hibernating
BS-11590,Brendan Sweed,Corporate,35,6,2454.928,4,3,3,433,Loyal Customers
KD-16270,Karen Daniels,Consumer,484,5,8282.358,1,2,5,125,About to Sleep
HM-14980,Henry MacAllister,Consumer,247,4,736.276,1,1,1,111,Lost Customers
JE-15745,Joel Eaton,Consumer,51,13,6760.8150000000005,4,5,5,455,Champions
KB-16600,Ken Brennan,Corporate,1,7,983.922,5,4,2,542,Hibernating
SC-20770,Stewart Carmichael,Corporate,41,7,4492.657,4,4,5,445,Champions
DN-13690,Duane Noonan,Consumer,217,7,2139.79,2,3,3,233,At Risk
JC-16105,Julie Creighton,Corporate,57,5,858.576,3,2,1,321,Need Attention
CS-12400,Christopher Schild,Home Office,2,9,3651.8585,5,5,4,554,Champions
PG-18895,Paul Gonzalez,Consumer,57,9,1987.164,3,5,3,353,Loyal Customers
GM-14455,Gary Mitchum,Home Office,16,6,3078.624,5,3,4,534,Loyal Customers
JS-15685,Jim Sink,Corporate,42,4,1131.064,4,1,2,412,Potential Loyalists
KB-16315,Karl Braun,Consumer,296,9,1569.464,1,5,2,152,Hibernating
RB-19705,Roger Barcio,Home Office,54,4,2067.45,3,2,3,323,Hibernating
PN-18775,Parhena Norris,Home Office,30,8,1467.152,4,4,2,442,Hibernating
KD-16345,Katherine Ducich,Consumer,41,6,1888.964,4,3,3,433,Loyal Customers
ER-13855,Elpida Rittenbach,Corporate,421,3,1245.788,1,1,2,112,Lost Customers
RB-19465,Rick Bensley,Home Office,9,12,4715.466,5,5,5,555,Champions
GZ-14470,Gary Zandusky,Consumer,7,9,4355.150000000001,5,5,5,555,Champions
LC-16870,Lena Cacioppo,Consumer,27,8,2580.704,4,4,3,443,Loyal Customers
JM-15250,Janet Martin,Consumer,37,6,3159.1220000000003,4,3,4,434,Loyal Customers
PA-19060,Pete Armstrong,Home Office,103,6,729.408,3,3,1,331,Hibernating
CV-12805,Cynthia Voltz,Corporate,5,9,2370.3136,5,5,3,553,Loyal Customers
CL-12565,Clay Ludtke,Consumer,284,12,10880.546,1,5,5,155,At Risk
RC-19960,Ryan Crowe,Consumer,110,6,885.752,2,3,1,231,Hibernating
DK-13090,Dave Kipp,Consumer,42,7,2650.557,4,3,3,433,Loyal Customers
GG-14650,Greg Guthrie,Corporate,43,9,2224.0,4,5,3,453,Loyal Customers
SC-20725,Steven Cartwright,Consumer,187,11,5226.21,2,5,5,255,At Risk
AD-10180,Alan Dominguez,Home Office,29,8,6106.88,4,4,5,445,Champions
PF-19165,Philip Fox,Consumer,196,6,2770.0,2,3,4,234,At Risk
TS-21610,Troy Staebel,Consumer,55,7,2820.424,3,4,4,344,Loyal Customers
LS-16975,Lindsay Shagiari,Home Office,20,9,2988.674,5,5,4,554,Champions
DW-13585,Dorothy Wardle,Corporate,242,7,1204.854,1,3,2,132,Hibernating
LC-16885,Lena Creighton,Consumer,16,12,7663.126,5,5,5,555,Champions
JD-15895,Jonathan Doherty,Corporate,394,11,7610.864,1,5,5,155,At Risk
SH-19975,Sally Hughsby,Corporate,29,13,3406.8395,4,5,4,454,Champions
SG-20080,Sandra Glassco,Consumer,8,3,3406.581,5,1,4,514,Potential Loyalists
HA-14920,Helen Andreada,Consumer,20,8,2584.158,5,4,3,543,Loyal Customers
MG-17680,Maureen Gastineau,Home Office,92,4,2350.188,3,2,3,323,Hibernating
JE-16165,Justin Ellison,Corporate,20,3,2697.248,5,1,3,513,Potential Loyalists
TW-21025,Tamara Willingham,Home Office,64,7,5278.826,3,4,5,345,Loyal Customers
SP-20650,Stephanie Phelps,Corporate,386,9,1872.436,1,5,3,153,At Risk
NK-18490,Neil Knudson,Home Office,70,7,572.048,3,4,1,341,Hibernating
DB-13060,Dave Brooks,Consumer,16,7,4531.646,5,3,5,535,Loyal Customers
NP-18670,Nora Paige,Consumer,58,5,3908.402,3,2,4,324,Hibernating
TT-21070,Ted Trevino,Consumer,31,7,4915.602,4,4,5,445,Champions
EM-13960,Eric Murdock,Consumer,151,5,933.704,2,2,1,221,Lost Customers
RD-19900,Ruben Dartt,Consumer,114,9,3133.924,2,5,4,254,At Risk
MJ-17740,Max Jones,Consumer,22,7,6320.746,5,4,5,545,Champions
BM-11140,Becky Martin,Consumer,307,4,11789.63,1,1,5,115,About to Sleep
CS-12130,Chad Sievert,Consumer,489,4,884.64,1,1,1,111,Lost Customers
JB-15400,Jennifer Braxton,Corporate,7,10,1791.605,5,5,3,553,Loyal Customers
SJ-20500,Shirley Jackson,Consumer,253,5,1318.776,1,2,2,122,Lost Customers
JK-15640,Jim Kriz,Home Office,180,9,4760.434,2,5,5,255,At Risk
DK-13150,David Kendrick,Corporate,10,2,797.832,5,1,1,511,New Customers
RM-19675,Robert Marley,Home Office,6,5,5979.0960000000005,5,2,5,525,Potential Loyalists
SK-19990,Sally Knutson,Consumer,8,3,883.409,5,1,1,511,New Customers
FM-14290,Frank Merwin,Home Office,36,9,3736.198,4,5,4,454,Champions
AM-10360,Alice McCarthy,Corporate,28,5,814.012,4,2,1,421,Need Attention
MP-17470,Mark Packer,Home Office,719,7,3206.132,1,4,4,144,At Risk
MZ-17515,Mary Zewe,Corporate,282,6,2564.906,1,3,3,133,At Risk
CB-12025,Cassandra Brandow,Consumer,47,10,6076.139,4,5,5,455,Champions
VM-21685,Valerie Mitchum,Home Office,54,7,2454.866,3,4,3,343,Loyal Customers
FH-14365,Fred Hopkins,Corporate,5,8,6987.196,5,4,5,545,Champions
MB-17305,Maria Bertelson,Consumer,48,10,1548.702,4,5,2,452,Hibernating
BS-11755,Bruce Stewart,Consumer,1,7,2562.382,5,3,3,533,Loyal Customers
LC-17140,Logan Currie,Consumer,13,9,2633.582,5,5,3,553,Loyal Customers
HK-14890,Heather Kirkland,Corporate,151,8,4877.784,2,4,5,245,At Risk
LE-16810,Laurel Elliston,Consumer,21,6,1469.45,5,3,2,532,Hibernating
JH-15985,Joseph Holt,Consumer,29,6,7954.998,4,3,5,435,Loyal Customers
MS-17980,Michael Stewart,Corporate,26,6,855.116,5,3,1,531,Hibernating
VW-21775,Victoria Wilson,Corporate,28,10,6134.0380000000005,4,5,5,455,Champions
JH-15910,Jonathan Howell,Consumer,41,7,959.477,4,4,1,441,Hibernating
JB-15925,Joni Blumstein,Consumer,737,3,900.552,1,1,1,111,Lost Customers
DS-13180,David Smith,Corporate,23,9,2881.8128,5,5,4,554,Champions
VD-21670,Valerie Dominguez,Consumer,581,6,6442.254,1,3,5,135,At Risk
EA-14035,Erin Ashbrook,Corporate,152,13,2846.705,2,5,4,254,At Risk
DB-13120,David Bremer,Corporate,48,7,2973.094,4,3,4,434,Loyal Customers
KL-16645,Ken Lonsdale,Consumer,47,12,14175.229,4,5,5,455,Champions
DW-13480,Dianna Wilson,Home Office,217,5,5271.628,2,2,5,225,About to Sleep
LH-17155,Logan Haushalter,Consumer,385,9,1739.689,1,5,3,153,At Risk
KC-16540,Kelly Collister,Consumer,97,4,3908.262,3,1,4,314,Hibernating
DL-13315,Delfina Latchford,Consumer,22,8,1458.258,5,4,2,542,Hibernating
DR-12880,Dan Reichenbach,Corporate,3,9,6528.034000000001,5,5,5,555,Champions
CC-12670,Craig Carreira,Consumer,29,7,2269.7015,4,3,3,433,Loyal Customers
Dl-13600,Dorris liebe,Corporate,119,5,755.602,2,2,1,221,Lost Customers
SB-20290,Sean Braxton,Corporate,47,7,8057.891,4,4,5,445,Champions
RC-19825,Roy Collins,Consumer,369,6,966.409,1,3,2,132,Hibernating
AH-10210,Alan Hwang,Consumer,6,9,4805.344,5,5,5,555,Champions
CB-12535,Claudia Bergmann,Corporate,197,8,4246.4555,2,4,4,244,At Risk
CA-12310,Christine Abelman,Corporate,13,4,1421.954,5,1,2,512,Potential Loyalists
KH-16690,Kristen Hastings,Corporate,2,7,5990.799,5,4,5,545,Champions
BB-10990,Barry Blumstein,Corporate,105,5,744.3399999999999,2,2,1,221,Lost Customers
AG-10495,Andrew Gjertsen,Corporate,78,8,2356.855,3,4,3,343,Loyal Customers
JO-15280,Jas O'Carroll,Consumer,92,6,1934.272,3,3,3,333,Loyal Customers
AH-10195,Alan Haines,Corporate,55,4,1587.452,3,1,2,312,Need Attention
NZ-18565,Nick Zandusky,Home Office,85,9,2488.31,3,5,3,353,Loyal Customers
KL-16555,Kelly Lampkin,Corporate,16,8,5016.488,5,4,5,545,Champions
AS-10225,Alan Schoenberger,Corporate,22,5,4260.784,5,2,4,524,Potential Loyalists
CR-12625,Corey Roper,Home Office,470,3,475.9,1,1,1,111,Lost Customers
SH-20395,Shahid Hopkins,Consumer,23,10,2180.718,5,5,3,553,Loyal Customers
BP-11185,Ben Peterman,Corporate,1,9,3675.861,5,5,4,554,Champions
TS-21205,Thomas Seio,Corporate,198,7,5371.09,2,4,5,245,At Risk
AG-10525,Andy Gerbode,Corporate,845,4,1455.038,1,1,2,112,Lost Customers
SP-20860,Sung Pak,Corporate,79,10,4282.94,3,5,5,355,Loyal Customers
NM-18445,Nathan Mautz,Home Office,160,7,6459.344,2,4,5,245,At Risk
FA-14230,Frank Atkinson,Corporate,97,7,2984.054,3,3,4,334,Loyal Customers
GK-14620,Grace Kelly,Corporate,112,9,6497.27,2,5,5,255,At Risk
DJ-13510,Don Jones,Corporate,48,8,2501.688,4,4,3,443,Loyal Customers
PO-18850,Patrick O'Brill,Consumer,4,11,7473.8282,5,5,5,555,Champions
JL-15850,John Lucas,Consumer,614,6,2725.256,1,3,3,133,At Risk
DB-13615,Doug Bickford,Consumer,33,7,1989.05,4,3,3,433,Loyal Customers
AC-10420,Alyssa Crouse,Corporate,232,3,925.8,1,1,1,111,Lost Customers
CC-12550,Clay Cheatham,Consumer,27,3,113.832,4,1,1,411,New Customers
TD-20995,Tamara Dahlen,Consumer,37,9,1434.5480000000002,4,5,2,452,Hibernating
AB-10060,Adam Bellavance,Home Office,54,8,7755.62,3,4,5,345,Loyal Customers
JL-15505,Jeremy Lonsdale,Consumer,49,6,3173.874,4,3,4,434,Loyal Customers
VB-21745,Victoria Brennan,Corporate,54,6,2005.596,3,3,3,333,Loyal Customers
KW-16435,Katrina Willman,Consumer,96,5,4416.52,3,2,5,325,Hibernating
JD-16060,Julia Dunbar,Consumer,300,3,695.442,1,1,1,111,Lost Customers
MK-17905,Michael Kennedy,Corporate,28,8,2302.368,4,4,3,443,Loyal Customers
GT-14755,Guy Thornton,Consumer,34,4,226.436,4,1,1,411,New Customers
AG-10900,Arthur Gainer,Consumer,96,10,4510.797,3,5,5,355,Loyal Customers
MM-18280,Muhammed MacIntyre,Corporate,85,9,775.414,3,5,1,351,Hibernating
AR-10405,Allen Rosenblatt,Corporate,125,5,2236.128,2,2,3,223,About to Sleep
RA-19915,Russell Applegate,Consumer,12,9,4793.543,5,5,5,555,Champions
AS-10285,Alejandro Savely,Corporate,19,6,3214.236,5,3,4,534,Loyal Customers
LA-16780,Laura Armstrong,Corporate,154,11,8673.222,2,5,5,255,At Risk
DO-13435,Denny Ordway,Consumer,133,9,1300.0315,2,5,2,252,Hibernating
DK-13225,Dean Katz,Corporate,10,9,4802.394,5,5,5,555,Champions
NG-18430,Nathan Gelder,Consumer,48,5,1395.938,4,2,2,422,Potential Loyalists
MV-18190,Mike Vittorini,Consumer,19,7,1734.574,5,4,2,542,Hibernating
JG-15115,Jack Garza,Consumer,758,3,2358.676,1,1,3,113,About to Sleep
BP-11095,Bart Pistole,Corporate,17,12,2442.044,5,5,3,553,Loyal Customers
VP-21730,Victor Preis,Home Office,30,3,993.902,4,1,2,412,Potential Loyalists
SS-20140,Saphhira Shifley,Corporate,15,8,1324.028,5,4,2,542,Hibernating
AG-10675,Anna Gayman,Consumer,97,7,3489.0396000000005,3,3,4,334,Loyal Customers
LF-17185,Luke Foster,Consumer,22,7,3930.509,5,4,4,544,Champions
RF-19840,Roy Französisch,Consumer,6,8,945.222,5,4,1,541,Hibernating
KH-16510,Keith Herrera,Consumer,22,7,5952.859,5,4,5,545,Champions
KC-16675,Kimberly Carter,Corporate,57,4,1146.05,3,1,2,312,Need Attention
CJ-12010,Caroline Jumper,Consumer,189,8,11164.974,2,4,5,245,At Risk
PB-19150,Philip Brown,Consumer,97,8,1456.95,3,4,2,342,Hibernating
MP-17965,Michael Paige,Corporate,72,9,3983.642,3,5,4,354,Loyal Customers
NF-18385,Natalie Fritzler,Consumer,79,7,8322.826,3,4,5,345,Loyal Customers
SD-20485,Shirley Daniels,Home Office,200,9,6121.114,2,5,5,255,At Risk
KH-16630,Ken Heidel,Corporate,58,9,3918.966,3,5,4,354,Loyal Customers
RB-19795,Ross Baird,Home Office,32,8,5633.316000000001,4,4,5,445,Champions
MK-18160,Mike Kennedy,Consumer,240,4,1031.602,1,2,2,122,Lost Customers
PO-19180,Philisse Overcash,Home Office,160,9,4893.043,2,5,5,255,At Risk
BB-11545,Brenda Bowman,Corporate,28,9,6765.728,4,5,5,455,Champions
TB-21595,Troy Blackwell,Consumer,285,5,1387.559,1,2,2,122,Lost Customers
RB-19360,Raymond Buch,Consumer,96,6,15117.339,3,3,5,335,Loyal Customers
EB-13705,Ed Braxton,Corporate,48,9,3644.978,4,5,4,454,Champions
SC-20095,Sanjit Chand,Consumer,349,9,14142.334,1,5,5,155,At Risk
TN-21040,Tanja Norvell,Home Office,90,7,3130.221,3,4,4,344,Loyal Customers
JS-15940,Joni Sundaresam,Home Office,463,5,469.169,1,2,1,121,Lost Customers
MH-17785,Maya Herman,Corporate,98,7,2203.778,3,4,3,343,Loyal Customers
JP-15520,Jeremy Pistek,Consumer,8,7,3635.594,5,4,4,544,Champions
JE-15475,Jeremy Ellison,Consumer,193,6,1388.682,2,3,2,232,Hibernating
JG-15805,John Grady,Corporate,223,6,1507.018,2,3,2,232,Hibernating
XP-21865,Xylona Preis,Consumer,43,11,2374.658,4,5,3,453,Loyal Customers
EM-14065,Erin Mull,Consumer,47,4,228.99,4,1,1,411,New Customers
MT-18070,Michelle Tran,Home Office,203,4,1319.4498,2,2,2,222,Lost Customers
SA-20830,Sue Ann Reed,Consumer,63,10,4767.3415,3,5,5,355,Loyal Customers
CW-11905,Carl Weiss,Home Office,22,6,1136.592,5,3,2,532,Hibernating
AJ-10960,Astrea Jones,Consumer,74,3,629.2479999999999,3,1,1,311,Need Attention
SS-20590,Sonia Sunley,Consumer,432,6,418.49,1,3,1,131,Hibernating
RO-19780,Rose O'Brian,Consumer,35,7,3815.478,4,4,4,444,Champions
MD-17350,Maribeth Dona,Consumer,117,7,3766.382,2,4,4,244,At Risk
MY-17380,Maribeth Yedwab,Corporate,29,7,2254.285,4,4,3,443,Loyal Customers
CM-12385,Christopher Martinez,Consumer,37,4,8954.019999999999,4,1,5,415,Potential Loyalists
LS-17245,Lynn Smith,Consumer,34,6,1008.136,4,3,2,432,Hibernating
BN-11515,Bradley Nguyen,Consumer,9,5,1459.344,5,2,2,522,Potential Loyalists
DB-13210,Dean Braden,Consumer,9,10,2332.577,5,5,3,553,Loyal Customers
MC-17605,Matt Connell,Corporate,112,8,2258.192,2,4,3,243,At Risk
BD-11605,Brian Dahlen,Consumer,97,7,3288.471,3,3,4,334,Loyal Customers
PH-18790,Patricia Hirasaki,Home Office,70,1,729.648,3,1,1,311,Need Attention
MG-18145,Mike Gockenbach,Consumer,84,4,3061.543,3,2,4,324,Hibernating
KB-16240,Karen Bern,Corporate,4,7,3152.615,5,4,4,544,Champions
JC-15340,Jasper Cacioppo,Consumer,114,4,71.263,2,1,1,211,Lost Customers
RL-19615,Rob Lucas,Consumer,121,8,6234.91,2,4,5,245,At Risk
AA-10375,Allen Armold,Consumer,19,9,1056.39,5,5,2,552,Hibernating
EP-13915,Emily Phan,Consumer,12,17,5478.0608,5,5,5,555,Champions
DK-12985,Darren Koutras,Consumer,7,5,1687.04,5,2,2,522,Potential Loyalists
BD-11500,Bradley Drucker,Consumer,35,6,4411.243,4,3,5,435,Loyal Customers
LM-17065,Liz MacKendrick,Consumer,391,5,1346.774,1,2,2,122,Lost Customers
AS-10135,Adrian Shami,Home Office,41,2,58.82,4,1,1,411,New Customers
BD-11320,Bill Donatelli,Consumer,33,12,5718.521,4,5,5,455,Champions
GT-14710,Greg Tran,Consumer,36,11,11820.12,4,5,5,455,Champions
AJ-10945,Ashley Jarboe,Consumer,85,7,1839.24,3,3,3,333,Loyal Customers
OT-18730,Olvera Toch,Consumer,65,5,3818.624,3,2,4,324,Hibernating
LP-17080,Liz Pelletier,Consumer,40,4,756.606,4,1,1,411,New Customers
CA-12775,Cynthia Arntzen,Consumer,120,7,3041.566,2,3,4,234,At Risk
JF-15490,Jeremy Farry,Consumer,121,11,1082.918,2,5,2,252,Hibernating
FP-14320,Frank Preis,Consumer,23,8,4046.746,5,4,4,544,Champions
EB-13840,Ellis Ballard,Corporate,90,5,4358.128,3,2,5,325,Hibernating
JF-15415,Jennifer Ferguson,Consumer,2,6,2371.448,5,3,3,533,Loyal Customers
SF-20200,Sarah Foster,Consumer,59,9,3422.786,3,5,4,354,Loyal Customers
TG-21640,Trudy Glocke,Consumer,114,4,2074.661,2,2,3,223,About to Sleep
CS-11950,Carlos Soltero,Consumer,25,11,3036.547,5,5,4,554,Champions
CC-12145,Charles Crestani,Consumer,106,7,2471.65,2,3,3,233,At Risk
DV-13465,Dianna Vittorini,Consumer,29,6,3341.587,4,3,4,434,Loyal Customers
BD-11725,Bruce Degenhardt,Consumer,93,6,1526.5,3,3,2,332,Hibernating
ZC-21910,Zuschuss Carroll,Consumer,54,13,8025.707,3,5,5,355,Loyal Customers
MS-17830,Melanie Seite,Consumer,452,4,370.348,1,2,1,121,Lost Customers
LR-16915,Lena Radford,Consumer,26,6,5142.892,5,3,5,535,Loyal Customers
TP-21130,Theone Pippenger,Consumer,8,9,4454.0560000000005,5,5,5,555,Champions
CK-12205,Chloris Kastensmidt,Consumer,39,13,3154.855,4,5,4,454,Champions
AS-10240,Alan Shonely,Consumer,192,7,584.6080000000001,2,3,1,231,Hibernating
AR-10510,Andrew Roberts,Consumer,14,5,264.86400000000003,5,2,1,521,Need Attention
NB-18655,Nona Balk,Corporate,19,9,1972.599,5,5,3,553,Loyal Customers
GD-14590,Giulietta Dortch,Corporate,5,4,1888.07,5,1,3,513,Potential Loyalists
CK-12595,Clytie Kelty,Consumer,43,11,2372.75,4,5,3,453,Loyal Customers
NG-18355,Nat Gilpin,Corporate,48,5,1869.58,4,2,3,423,Potential Loyalists
CA-12265,Christina Anderson,Consumer,56,9,2648.2872,3,5,3,353,Loyal Customers
SF-20965,Sylvia Foulston,Corporate,48,9,3336.535,4,5,4,454,Champions
MO-17800,Meg O'Connel,Home Office,104,8,1687.0269999999998,2,4,2,242,Hibernating
AT-10735,Annie Thurman,Consumer,13,10,3831.864,5,5,4,554,Champions
FM-14380,Fred McMath,Consumer,145,9,2523.266,2,5,3,253,At Risk
DJ-13420,Denny Joy,Corporate,637,4,2012.52,1,1,3,113,About to Sleep
ME-17725,Max Engle,Consumer,28,8,1908.4532,4,4,3,443,Loyal Customers
JD-16150,Justin Deggeller,Corporate,41,8,8828.0305,4,4,5,445,Champions
JL-15835,John Lee,Consumer,21,11,9799.923,5,5,5,555,Champions
SC-20305,Sean Christensen,Consumer,29,7,3979.065,4,4,4,444,Champions
CC-12430,Chuck Clark,Home Office,0,10,2870.05,5,5,4,554,Champions
AR-10825,Anthony Rawles,Corporate,58,8,4523.336,3,4,5,345,Loyal Customers
SR-20740,Steven Roelle,Home Office,196,8,4345.886,2,4,5,245,At Risk
CR-12730,Craig Reiter,Consumer,78,4,1600.55,3,1,2,312,Need Attention
EH-14125,Eugene Hildebrand,Home Office,152,10,3082.653,2,5,4,254,At Risk
SP-20545,Sibella Parks,Corporate,327,6,1306.086,1,3,2,132,Hibernating
TH-21235,Tiffany House,Corporate,117,8,1022.201,2,4,2,242,Hibernating
RP-19390,Resi Pölking,Consumer,33,12,5153.084,4,5,5,455,Champions
RB-19570,Rob Beeghly,Consumer,25,5,528.546,5,2,1,521,Need Attention
CD-11980,Carol Darley,Consumer,54,3,639.766,3,1,1,311,Need Attention
DJ-13630,Doug Jacobs,Consumer,12,3,3356.398,5,1,4,514,Potential Loyalists
GT-14635,Grant Thornton,Corporate,56,3,9351.212,3,1,5,315,Hibernating
MC-17845,Michael Chen,Consumer,1,7,3805.714,5,4,4,544,Champions
RA-19285,Ralph Arnett,Consumer,5,9,2617.906,5,5,3,553,Loyal Customers
NP-18325,Naresj Patel,Consumer,25,6,5529.62,5,3,5,535,Loyal Customers
AB-10165,Alan Barnes,Consumer,25,8,1113.838,5,4,2,542,Hibernating
JO-15550,Jesus Ocampo,Home Office,215,5,1090.838,2,2,2,222,Lost Customers
JK-15370,Jay Kimmel,Consumer,44,8,2709.632,4,4,3,443,Loyal Customers
BN-11470,Brad Norvell,Corporate,24,4,265.296,5,1,1,511,New Customers
DP-13165,David Philippe,Consumer,812,2,1058.616,1,1,2,112,Lost Customers
TH-21550,Tracy Hopkins,Home Office,72,7,4234.0960000000005,3,4,4,344,Loyal Customers
AP-10915,Arthur Prichep,Consumer,98,10,3323.556,3,5,4,354,Loyal Customers
RS-19765,Roland Schwarz,Corporate,36,8,4159.77,4,4,4,444,Champions
SV-20365,Seth Vernon,Consumer,101,10,11470.95,3,5,5,355,Loyal Customers
CK-12325,Christine Kargatis,Home Office,120,5,2945.321,2,2,4,224,About to Sleep
RD-19810,Ross DeVincentis,Home Office,14,8,1137.616,5,4,2,542,Hibernating
MR-17545,Mathew Reese,Home Office,125,4,639.178,2,2,1,221,Lost Customers
SC-20695,Steve Chapman,Corporate,89,10,2576.408,3,5,3,353,Loyal Customers
JF-15355,Jay Fein,Consumer,105,6,1911.844,2,3,3,233,At Risk
EG-13900,Emily Grady,Consumer,22,5,1832.02,5,2,3,523,Potential Loyalists
DS-13030,Darrin Sayre,Home Office,93,4,1762.213,3,1,3,313,Hibernating
PO-19195,Phillina Ober,Home Office,86,5,1056.858,3,2,2,322,Need Attention
SS-20875,Sung Shariari,Consumer,120,5,964.636,2,2,2,222,Lost Customers
PB-19105,Peter Bühler,Consumer,57,4,688.324,3,2,1,321,Need Attention
RF-19735,Roland Fjeld,Consumer,89,7,2341.2960000000003,3,4,3,343,Loyal Customers
YC-21895,Yoseph Carroll,Corporate,4,5,5454.35,5,3,5,535,Loyal Customers
DC-13285,Debra Catini,Consumer,23,5,1174.618,5,2,2,522,Potential Loyalists
CP-12340,Christine Phan,Corporate,160,8,5888.275,2,4,5,245,At Risk
BF-11020,Barry Französisch,Corporate,74,8,2888.506,3,4,4,344,Loyal Customers
LH-17020,Lisa Hazard,Consumer,239,4,318.239,1,1,1,111,Lost Customers
CS-12250,Chris Selesnick,Corporate,26,12,2754.216,5,5,4,554,Champions
AJ-10795,Anthony Johnson,Corporate,166,7,4501.391,2,3,5,235,At Risk
BV-11245,Benjamin Venier,Corporate,334,5,1523.273,1,2,2,122,Lost Customers
DL-12865,Dan Lawera,Consumer,100,8,1503.112,3,4,2,342,Hibernating
BM-11785,Bryan Mills,Consumer,218,10,1338.842,2,5,2,252,Hibernating
LT-17110,Liz Thompson,Consumer,34,8,2936.252,4,4,4,444,Champions
JK-15730,Joe Kamberova,Consumer,84,10,4867.2,3,5,5,355,Loyal Customers
ES-14020,Erica Smith,Consumer,40,5,3510.458,4,2,4,424,Potential Loyalists
RH-19495,Rick Hansen,Consumer,32,5,3621.376,4,2,4,424,Potential Loyalists
CD-11920,Carlos Daly,Consumer,40,5,2033.968,4,2,3,423,Potential Loyalists
HW-14935,Helen Wasserman,Corporate,117,8,9300.254,2,4,5,245,At Risk
MC-18130,Mike Caudle,Corporate,369,5,1581.9979999999998,1,2,2,122,Lost Customers
GM-14440,Gary McGarr,Consumer,83,7,3582.82,3,3,4,334,Loyal Customers
PJ-19015,Pauline Johnson,Consumer,134,7,1824.234,2,4,3,243,At Risk
BW-11110,Bart Watters,Corporate,121,8,4750.358,2,4,5,245,At Risk
TR-21325,Toby Ritter,Consumer,193,5,675.9419999999999,2,3,1,231,Hibernating
PG-18820,Patrick Gardner,Consumer,36,13,3086.907,4,5,4,454,Champions
JL-15175,James Lanier,Home Office,6,5,1571.523,5,2,2,522,Potential Loyalists
BM-11650,Brian Moss,Corporate,33,11,7294.185,4,5,5,455,Champions
EM-14095,Eudokia Martin,Corporate,113,4,1041.042,2,1,2,212,Lost Customers
AF-10885,Art Foster,Consumer,415,4,861.565,1,1,1,111,Lost Customers
GA-14725,Guy Armstrong,Consumer,5,11,1398.382,5,5,2,552,Hibernating
CK-12760,Cyma Kinney,Corporate,82,9,1582.109,3,5,2,352,Hibernating
DP-13105,Dave Poirier,Corporate,6,8,2215.002,5,4,3,543,Loyal Customers
BK-11260,Berenike Kampe,Consumer,77,6,659.1379999999999,3,3,1,331,Hibernating
SJ-20125,Sanjit Jacobs,Home Office,95,12,3949.656,3,5,4,354,Loyal Customers
CM-12445,Chuck Magee,Consumer,436,3,287.99,1,1,1,111,Lost Customers
AJ-10780,Anthony Jacobs,Corporate,75,7,4867.344,3,3,5,335,Loyal Customers
LS-16945,Linda Southworth,Corporate,178,6,2845.27,2,3,4,234,At Risk
GP-14740,Guy Phonely,Corporate,765,2,236.53,1,1,1,111,Lost Customers
PK-18910,Paul Knutson,Home Office,483,2,1441.152,1,1,2,112,Lost Customers
SM-20005,Sally Matthias,Consumer,421,4,244.494,1,2,1,121,Lost Customers
AG-10765,Anthony Garverick,Home Office,77,4,170.584,3,1,1,311,Need Attention
PM-19135,Peter McVee,Home Office,51,4,4115.662,4,2,4,424,Potential Loyalists
LL-16840,Lauren Leatherbury,Consumer,249,6,2741.204,1,3,3,133,At Risk
JS-15595,Jill Stevenson,Corporate,119,4,1417.654,2,1,2,212,Lost Customers
EL-13735,Ed Ludwig,Home Office,77,2,124.28,3,1,1,311,Need Attention
PC-18745,Pamela Coakley,Corporate,2,4,1832.064,5,2,3,523,Potential Loyalists
HL-15040,Hunter Lopez,Consumer,43,6,12873.298,4,3,5,435,Loyal Customers
MS-17365,Maribeth Schnelling,Consumer,273,10,7443.69,1,5,5,155,At Risk
GB-14530,George Bell,Corporate,62,11,1568.44,3,5,2,352,Hibernating
JR-16210,Justin Ritter,Corporate,33,5,2201.686,4,2,3,423,Potential Loyalists
BE-11335,Bill Eplett,Home Office,119,5,4204.676,2,2,4,224,About to Sleep
SC-20050,Sample Company A,Home Office,40,9,4624.572,4,5,5,455,Champions
RW-19630,Rob Williams,Corporate,89,9,3279.746,3,5,4,354,Loyal Customers
SE-20110,Sanjit Engle,Consumer,9,11,12209.438000000002,5,5,5,555,Champions
AH-10075,Adam Hart,Corporate,34,10,3250.337,4,5,4,454,Champions
JM-15535,Jessica Myrick,Consumer,102,7,1733.443,3,4,2,342,Hibernating
JJ-15760,Joel Jenkins,Home Office,753,2,195.0,1,1,1,111,Lost Customers
RK-19300,Ralph Kennedy,Consumer,119,3,1460.192,2,1,2,212,Lost Customers
CG-12040,Catherine Glotzbach,Home Office,49,6,904.468,4,3,1,431,Hibernating
RP-19270,Rachel Payne,Corporate,496,4,954.6452,1,2,1,121,Lost Customers
KC-16255,Karen Carlisle,Corporate,407,6,2120.954,1,3,3,133,At Risk
KH-16360,Katherine Hughes,Consumer,1,6,3100.612,5,3,4,534,Loyal Customers
GH-14665,Greg Hansen,Consumer,2,2,146.94080000000002,5,1,1,511,New Customers
SW-20275,Scott Williamson,Consumer,30,6,1966.65,4,3,3,433,Loyal Customers
JA-15970,Joseph Airdo,Consumer,92,8,6491.026,3,4,5,345,Loyal Customers
DL-12925,Daniel Lacy,Consumer,57,6,3272.2,3,3,4,334,Loyal Customers
LW-16990,Lindsay Williams,Corporate,33,6,3230.308,4,3,4,434,Loyal Customers
TB-21190,Thomas Brumley,Home Office,49,4,816.1740000000001,4,2,1,421,Need Attention
BS-11800,Bryan Spruell,Home Office,265,2,949.43,1,1,1,111,Lost Customers
RW-19690,Robert Waldorf,Consumer,79,5,3495.646,3,2,4,324,Hibernating
TZ-21580,Tracy Zic,Consumer,35,4,1707.286,4,2,2,422,Potential Loyalists
AS-10630,Ann Steele,Home Office,92,7,833.398,3,3,1,331,Hibernating
TS-21340,Toby Swindell,Consumer,226,5,974.782,1,3,2,132,Hibernating
SL-20155,Sara Luxemburg,Home Office,70,7,3053.012,3,4,4,344,Loyal Customers
MW-18235,Mitch Willingham,Corporate,44,2,5253.876,4,1,5,415,Potential Loyalists
RD-19585,Rob Dowd,Consumer,180,10,2912.894,2,5,4,254,At Risk
RA-19945,Ryan Akin,Consumer,61,5,1686.9225,3,2,2,322,Need Attention
MT-17815,Meg Tillman,Consumer,49,6,2890.139,4,3,4,434,Loyal Customers
VG-21790,Vivek Gonzalez,Consumer,154,6,846.01,2,3,1,231,Hibernating
JS-15880,John Stevenson,Consumer,534,5,3868.02,1,2,4,124,About to Sleep
KM-16225,Kalyca Meade,Corporate,14,6,2260.958,5,3,3,533,Loyal Customers
HR-14770,Hallie Redmond,Home Office,13,5,1299.288,5,2,2,522,Potential Loyalists
DE-13255,Deanra Eno,Home Office,719,5,2550.874,1,2,3,123,About to Sleep
AG-10390,Allen Goldenen,Consumer,114,5,200.945,2,2,1,221,Lost Customers
JJ-15445,Jennifer Jackson,Consumer,483,5,709.178,1,2,1,121,Lost Customers
JH-15430,Jennifer Halladay,Consumer,5,4,309.281,5,1,1,511,New Customers
RD-19660,Robert Dilbeck,Home Office,114,5,2786.632,2,2,4,224,About to Sleep
MO-17500,Mary O'Rourke,Consumer,72,4,922.487,3,2,1,321,Need Attention
NS-18640,Noel Staavos,Corporate,174,13,2964.823,2,5,4,254,At Risk
DG-13300,Deirdre Greer,Corporate,32,5,3195.818,4,2,4,424,Potential Loyalists
NF-18595,Nicole Fjeld,Home Office,114,7,2031.472,2,4,3,243,At Risk
MG-17650,Matthew Grinstein,Home Office,29,7,3785.276,4,4,4,444,Champions
TS-21160,Theresa Swint,Corporate,504,6,2163.6240000000003,1,3,3,133,At Risk
BD-11620,Brian DeCherney,Consumer,69,6,1538.11,3,3,2,332,Hibernating
CM-12160,Charles McCrossin,Consumer,26,6,2533.314,5,3,3,533,Loyal Customers
SN-20560,Skye Norling,Home Office,111,6,1860.418,2,3,3,233,At Risk
EH-14005,Erica Hernandez,Home Office,2,7,1219.53,5,3,2,532,Hibernating
FO-14305,Frank Olsen,Consumer,38,10,2678.438,4,5,3,453,Loyal Customers
MS-17710,Maurice Satty,Consumer,413,6,1613.402,1,3,2,132,Hibernating
CC-12100,Chad Cunningham,Home Office,457,6,1770.945,1,3,3,133,At Risk
DW-13540,Don Weiss,Consumer,98,5,344.08,3,2,1,321,Need Attention
BT-11395,Bill Tyler,Corporate,302,6,2186.6130000000003,1,3,3,133,At Risk
CY-12745,Craig Yedwab,Corporate,60,8,2900.026,3,4,4,344,Loyal Customers
BT-11485,Brad Thomas,Home Office,659,2,415.196,1,1,1,111,Lost Customers
PS-19045,Penelope Sewall,Home Office,236,7,6843.634,1,4,5,145,At Risk
PV-18985,Paul Van Hugh,Home Office,89,5,2876.046,3,2,4,324,Hibernating
NM-18520,Neoma Murray,Consumer,244,10,2161.979,1,5,3,153,At Risk
DL-13495,Dionis Lloyd,Corporate,76,8,3539.322,3,4,4,344,Loyal Customers
CS-12355,Christine Sundaresam,Consumer,6,11,3202.1620000000003,5,5,4,554,Champions
FH-14275,Frank Hawley,Corporate,37,10,4256.272,4,5,4,454,Champions
NC-18340,Nat Carroll,Consumer,224,5,2461.404,2,2,3,223,About to Sleep
AA-10315,Alex Avila,Consumer,184,5,5563.56,2,2,5,225,About to Sleep
LT-16765,Larry Tron,Consumer,26,3,329.876,5,1,1,511,New Customers
AP-10720,Anne Pryor,Home Office,41,8,1638.554,4,4,2,442,Hibernating
PM-18940,Paul MacIntyre,Consumer,386,3,1405.402,1,1,2,112,Lost Customers
AT-10435,Alyssa Tate,Home Office,21,6,1171.814,5,3,2,532,Hibernating
CA-12055,Cathy Armstrong,Home Office,401,5,1679.7240000000002,1,2,2,122,Lost Customers
HR-14830,Harold Ryan,Corporate,159,7,5248.787,2,4,5,245,At Risk
BT-11530,Bradley Talbott,Home Office,91,5,2684.492,3,2,3,323,Hibernating
LH-16750,Larry Hughes,Consumer,151,3,287.426,2,1,1,211,Lost Customers
SW-20755,Steven Ward,Corporate,534,2,758.6959999999999,1,1,1,111,Lost Customers
SP-20620,Stefania Perrino,Corporate,47,9,5440.319,4,5,5,455,Champions
BF-11170,Ben Ferrer,Home Office,16,11,5907.972,5,5,5,555,Champions
KT-16480,Kean Thornton,Consumer,100,10,4642.088400000001,3,5,5,355,Loyal Customers
BG-11695,Brooke Gillingham,Corporate,36,6,1874.172,4,3,3,433,Loyal Customers
GM-14680,Greg Matthias,Consumer,152,6,3163.628,2,3,4,234,At Risk
EJ-14155,Eva Jacobs,Consumer,57,5,2656.691,3,2,3,323,Hibernating
NP-18700,Nora Preis,Consumer,138,7,7903.1825,2,4,5,245,At Risk
MH-18115,Mick Hernandez,Home Office,5,9,5503.093,5,5,5,555,Champions
JR-15700,Jocasta Rupert,Consumer,68,1,863.88,3,1,1,311,Need Attention
SM-20950,Suzanne McNair,Corporate,25,12,5563.392,5,5,5,555,Champions
CC-12220,Chris Cortes,Consumer,20,12,3913.418,5,5,4,554,Champions
PF-19225,Phillip Flathmann,Consumer,114,5,2206.128,2,2,3,223,About to Sleep
DC-12850,Dan Campbell,Consumer,37,9,3336.168,4,5,4,454,Champions
BD-11770,Bryan Davis,Consumer,327,6,658.466,1,3,1,131,Hibernating
GM-14500,Gene McClure,Consumer,106,10,1255.682,2,5,2,252,Hibernating
TB-21355,Todd Boyes,Corporate,146,5,834.328,2,2,1,221,Lost Customers
JH-16180,Justin Hirsh,Consumer,404,4,2256.394,1,1,3,113,About to Sleep
EB-13975,Erica Bern,Corporate,0,4,1643.255,5,1,2,512,Potential Loyalists
QJ-19255,Quincy Jones,Corporate,25,9,6108.338,5,5,5,555,Champions
TC-21535,Tracy Collins,Home Office,4,7,742.5580000000001,5,4,1,541,Hibernating
CS-12460,Chuck Sachs,Consumer,27,2,550.644,4,1,1,411,New Customers
HG-14965,Henry Goldwyn,Corporate,23,12,3247.642,5,5,4,554,Champions
LW-16825,Laurel Workman,Corporate,88,5,2238.061,3,2,3,323,Hibernating
MC-17575,Matt Collins,Consumer,27,8,1303.893,4,4,2,442,Hibernating
LP-17095,Liz Preis,Consumer,9,7,3653.399,5,4,4,544,Champions
EB-14170,Evan Bailliet,Consumer,82,6,1186.326,3,3,2,332,Hibernating
GZ-14545,George Zrebassa,Corporate,157,4,2454.6220000000003,2,1,3,213,About to Sleep
CP-12085,Cathy Prescott,Corporate,82,8,5402.254,3,4,5,345,Loyal Customers
FG-14260,Frank Gastineau,Home Office,34,7,1383.144,4,3,2,432,Hibernating
LD-17005,Lisa DeCherney,Consumer,414,4,1961.934,1,1,3,113,About to Sleep
AB-10255,Alejandro Ballentine,Home Office,166,9,914.532,2,5,1,251,Hibernating
MN-17935,Michael Nguyen,Consumer,34,6,2477.946,4,3,3,433,Loyal Customers
JR-15670,Jim Radford,Consumer,593,2,1156.658,1,1,2,112,Lost Customers
JF-15190,Jamie Frazer,Consumer,65,7,2279.586,3,4,3,343,Loyal Customers
CM-12115,Chad McGuire,Consumer,8,4,1661.61,5,1,2,512,Potential Loyalists
AS-10045,Aaron Smayling,Corporate,88,7,3050.692,3,3,4,334,Loyal Customers
BP-11290,Beth Paige,Consumer,12,7,2475.157,5,3,3,533,Loyal Customers
ND-18370,Natalie DeCherney,Consumer,27,9,4326.139,4,5,5,455,Champions
LB-16735,Larry Blacks,Consumer,48,3,50.188,4,1,1,411,New Customers
KT-16465,Kean Takahito,Consumer,391,7,3057.1,1,4,4,144,At Risk
HM-14860,Harry Marie,Corporate,2,10,8236.7648,5,5,5,555,Champions
AB-10600,Ann Blume,Corporate,50,4,1515.862,4,1,2,412,Potential Loyalists
SZ-20035,Sam Zeldin,Home Office,35,11,3625.329,4,5,4,454,Champions
MG-17890,Michael Granlund,Home Office,99,9,776.384,3,5,1,351,Hibernating
JK-16120,Julie Kriz,Home Office,117,10,2932.484,2,5,4,254,At Risk
PP-18955,Paul Prost,Home Office,97,10,7252.608,3,5,5,355,Loyal Customers
YS-21880,Yana Sorensen,Corporate,9,8,6720.444,5,4,5,545,Champions
KM-16375,Katherine Murray,Home Office,56,8,5620.186,3,4,5,345,Loyal Customers
AB-10105,Adrian Barton,Consumer,41,10,14473.570999999998,4,5,5,455,Champions
HA-14905,Helen Abelman,Consumer,69,7,2163.3,3,3,3,333,Loyal Customers
BT-11305,Beth Thompson,Home Office,336,5,2567.656,1,2,3,123,About to Sleep
SV-20815,Stuart Van,Corporate,76,4,1271.09,3,2,2,322,Need Attention
RW-19540,Rick Wilson,Corporate,120,7,7397.401,2,4,5,245,At Risk
DK-12835,Damala Kotsonis,Corporate,21,12,3256.48,5,5,4,554,Champions
ST-20530,Shui Tom,Consumer,125,7,433.34,2,4,1,241,Hibernating
MM-17920,Michael Moore,Consumer,7,11,3794.08,5,5,4,554,Champions
PW-19030,Pauline Webber,Corporate,46,10,3454.916,4,5,4,454,Champions
SC-20440,Shaun Chance,Corporate,36,7,1874.998,4,4,3,443,Loyal Customers
TS-21085,Thais Sissman,Consumer,357,2,4.833,1,1,1,111,Lost Customers
MC-17425,Mark Cousins,Corporate,399,5,4432.138,1,2,5,125,About to Sleep
ME-17320,Maria Etezadi,Home Office,42,10,10663.728,4,5,5,455,Champions
NH-18610,Nicole Hansen,Corporate,189,7,2673.29,2,4,3,243,At Risk
MB-18085,Mick Brown,Consumer,44,7,1428.231,4,4,2,442,Hibernating
KD-16495,Keith Dawkins,Corporate,112,12,8181.256,2,5,5,255,At Risk
KN-16390,Katherine Nockton,Corporate,19,9,2617.272,5,5,3,553,Loyal Customers
NP-18685,Nora Pelletier,Home Office,406,6,1228.698,1,3,2,132,Hibernating
CS-12505,Cindy Stewart,Consumer,58,6,5690.054999999999,3,3,5,335,Loyal Customers
MS-17770,Maxwell Schwartz,Consumer,121,9,3144.678,2,5,4,254,At Risk
CM-12655,Corinna Mitchell,Home Office,27,6,6339.5576,4,3,5,435,Loyal Customers
Co-12640,Corey-Lock,Consumer,549,5,1300.076,1,2,2,122,Lost Customers
TS-21370,Todd Sumrall,Corporate,36,6,11891.751,4,3,5,435,Loyal Customers
JW-15220,Jane Waco,Corporate,42,6,7721.714,4,3,5,435,Loyal Customers
JD-15790,John Dryer,Consumer,117,5,2152.352,2,2,3,223,About to Sleep
PC-19000,Pauline Chand,Home Office,882,2,1061.488,1,1,2,112,Lost Customers
AR-10540,Andy Reiter,Consumer,6,6,6608.448,5,3,5,535,Loyal Customers
AI-10855,Arianne Irving,Consumer,13,10,4375.786,5,5,5,555,Champions
TB-21400,Tom Boeckenhauer,Consumer,202,7,9133.99,2,4,5,245,At Risk
PL-18925,Paul Lucas,Home Office,15,5,239.481,5,2,1,521,Need Attention
GH-14425,Gary Hwang,Consumer,50,4,4172.8460000000005,4,1,4,414,Potential Loyalists
MP-18175,Mike Pelletier,Home Office,16,9,5087.92,5,5,5,555,Champions
JM-15655,Jim Mitchum,Corporate,8,5,864.947,5,2,1,521,Need Attention
CL-11890,Carl Ludwig,Consumer,106,4,1262.014,2,1,2,212,Lost Customers
DB-13270,Deborah Brumfield,Home Office,53,8,4655.897,4,4,5,445,Champions
IG-15085,Ivan Gibson,Consumer,71,4,744.574,3,1,1,311,Need Attention
BO-11425,Bobby Odegard,Consumer,75,2,130.83,3,1,1,311,Need Attention
AB-10150,Aimee Bixby,Consumer,41,5,966.71,4,2,2,422,Potential Loyalists
JW-16075,Julia West,Consumer,461,4,1428.731,1,1,2,112,Lost Customers
EB-13750,Edward Becker,Corporate,35,10,3236.314,4,5,4,454,Champions
SG-20470,Sheri Gordon,Consumer,183,8,1884.798,2,4,3,243,At Risk
CM-12190,Charlotte Melton,Consumer,8,6,1475.144,5,3,2,532,Hibernating
AW-10840,Anthony Witt,Consumer,20,4,649.376,5,1,1,511,New Customers
MC-18100,Mick Crebagga,Consumer,41,10,2218.98,4,5,3,453,Loyal Customers
TT-21460,Tonja Turnell,Home Office,12,7,5364.808,5,4,5,545,Champions
VG-21805,Vivek Grady,Corporate,286,5,427.372,1,3,1,131,Hibernating
MY-18295,Muhammed Yedwab,Corporate,71,11,4152.696,3,5,4,354,Loyal Customers
RD-19480,Rick Duston,Consumer,72,8,4272.93,3,4,4,344,Loyal Customers
DP-13390,Dennis Pardue,Home Office,358,9,5480.723999999999,1,5,5,155,At Risk
ML-17395,Marina Lichtenstein,Corporate,69,9,2722.843,3,5,3,353,Loyal Customers
JC-15385,Jenna Caffey,Consumer,175,1,1058.108,2,1,2,212,Lost Customers
JG-15160,James Galang,Consumer,1,11,6366.392,5,5,5,555,Champions
MC-17275,Marc Crier,Consumer,76,8,2725.982,3,4,3,343,Loyal Customers
NW-18400,Natalie Webber,Consumer,172,7,7234.014,2,4,5,245,At Risk
TB-21280,Toby Braunhardt,Consumer,583,6,2198.45,1,3,3,133,At Risk
BS-11380,Bill Stewart,Corporate,28,5,3887.834,4,2,4,424,Potential Loyalists
HH-15010,Hilary Holden,Corporate,72,2,218.668,3,1,1,311,Need Attention
CD-12280,Christina DeMoss,Consumer,42,2,1205.584,4,1,2,412,Potential Loyalists
TH-21100,Thea Hendricks,Consumer,344,5,2422.824,1,3,3,133,At Risk
MM-18055,Michelle Moray,Consumer,61,8,2749.881,3,4,3,343,Loyal Customers
NS-18505,Neola Schneider,Consumer,6,4,2575.863,5,2,3,523,Potential Loyalists
RB-19645,Robert Barroso,Corporate,648,5,221.084,1,2,1,121,Lost Customers
SW-20455,Shaun Weien,Consumer,162,7,2921.544,2,4,4,244,At Risk
EB-13930,Eric Barreto,Consumer,161,5,944.6,2,2,1,221,Lost Customers
PS-18760,Pamela Stobb,Consumer,107,6,2181.479,2,3,3,233,At Risk
HF-14995,Herbert Flentye,Consumer,21,7,2533.164,5,4,3,543,Loyal Customers
HZ-14950,Henia Zydlo,Consumer,35,5,886.52,4,2,1,421,Need Attention
CD-12790,Cynthia Delaney,Home Office,399,5,1860.732,1,2,3,123,About to Sleep
JK-15205,Jamie Kunitz,Consumer,61,5,4427.142,3,2,5,325,Hibernating
FM-14215,Filia McAdams,Corporate,7,10,2456.638,5,5,3,553,Loyal Customers
ED-13885,Emily Ducich,Home Office,135,8,3484.92,2,4,4,244,At Risk
DA-13450,Dianna Arnett,Home Office,352,4,156.76,1,1,1,111,Lost Customers
JW-15955,Joni Wasserman,Consumer,5,7,1244.086,5,4,2,542,Hibernating
RM-19375,Raymond Messe,Consumer,345,6,1453.474,1,3,2,132,Hibernating
ML-17755,Max Ludwig,Home Office,29,7,2071.914,4,4,3,443,Loyal Customers
CC-12685,Craig Carroll,Consumer,799,4,2854.115,1,1,4,114,About to Sleep
JE-15610,Jim Epp,Corporate,48,7,7754.976,4,4,5,445,Champions
RP-19855,Roy Phan,Corporate,28,8,2170.716,4,4,3,443,Loyal Customers
TB-21175,Thomas Boland,Corporate,58,4,3589.296,3,2,4,324,Hibernating
BE-11455,Brad Eason,Home Office,254,6,1727.652,1,3,2,132,Hibernating
JF-15565,Jill Fjeld,Consumer,54,8,4198.332,3,4,4,344,Loyal Customers
PB-19210,Phillip Breyer,Corporate,688,2,132.738,1,1,1,111,Lost Customers
BT-11680,Brian Thompson,Consumer,20,7,3196.752,5,3,4,534,Loyal Customers
JL-15235,Janet Lee,Consumer,119,5,2203.7,2,2,3,223,About to Sleep
CH-12070,Cathy Hwang,Home Office,691,3,1537.236,1,1,2,112,Lost Customers
ND-18460,Neil Ducich,Corporate,183,6,2893.455,2,3,4,234,At Risk
BF-10975,Barbara Fisher,Corporate,91,7,599.798,3,3,1,331,Hibernating
KH-16330,Katharine Harms,Corporate,40,8,3312.864,4,4,4,444,Champions
GW-14605,Giulietta Weimer,Consumer,28,7,2189.019,4,3,3,433,Loyal Customers
NC-18625,Noah Childs,Corporate,204,5,1821.742,2,2,3,223,About to Sleep
ME-18010,Michelle Ellison,Corporate,92,4,1256.944,3,2,2,322,Need Attention
BP-11230,Benjamin Patterson,Consumer,39,5,1181.49,4,2,2,422,Potential Loyalists
JC-15775,John Castell,Consumer,158,9,2772.055,2,5,4,254,At Risk
AS-10090,Adam Shillingsburg,Consumer,28,9,3255.31,4,5,4,454,Champions
AC-10450,Amy Cox,Consumer,11,7,5527.846,5,3,5,535,Loyal Customers
MD-17860,Michael Dominguez,Corporate,36,5,1204.91,4,2,2,422,Potential Loyalists
DB-13660,Duane Benoit,Consumer,12,7,1155.202,5,3,2,532,Hibernating
EH-13990,Erica Hackney,Consumer,405,6,825.9499999999999,1,3,1,131,Hibernating
EH-13765,Edward Hooks,Corporate,135,12,10310.88,2,5,5,255,At Risk
SC-20230,Scot Coram,Corporate,149,4,4371.9580000000005,2,2,5,225,About to Sleep
JE-15715,Joe Elijah,Consumer,46,10,8697.842999999999,4,5,5,455,Champions
AC-10615,Ann Chong,Corporate,6,5,2537.686,5,2,3,523,Potential Loyalists
JD-16015,Joy Daniels,Consumer,112,6,385.43,2,3,1,231,Hibernating
CB-12415,Christy Brittain,Consumer,26,8,1949.2,5,4,3,543,Loyal Customers
JS-16030,Joy Smith,Consumer,28,6,2516.494,4,3,3,433,Loyal Customers
LW-17215,Luke Weiss,Consumer,21,7,5420.514,5,4,5,545,Champions
SC-20800,Stuart Calhoun,Consumer,30,4,279.25600000000003,4,2,1,421,Need Attention
AM-10705,Anne McFarland,Consumer,162,8,5664.022,2,4,5,245,At Risk
RH-19510,Rick Huthwaite,Home Office,467,6,6979.18,1,3,5,135,At Risk
CT-11995,Carol Triggs,Consumer,96,8,3241.898,3,4,4,344,Loyal Customers
MC-17590,Matt Collister,Corporate,51,6,2426.067,4,3,3,433,Loyal Customers
CC-12610,Corey Catlett,Corporate,34,7,2540.631,4,3,3,433,Loyal Customers
KA-16525,Kelly Andreada,Consumer,36,7,1519.506,4,4,2,442,Hibernating
TC-20980,Tamara Chand,Corporate,399,5,19052.218,1,2,5,125,About to Sleep
BF-11080,Bart Folk,Consumer,25,3,272.95,5,1,1,511,New Customers
MM-17260,Magdelene Morse,Consumer,168,4,1314.023,2,2,2,222,Lost Customers
AH-10120,Adrian Hane,Home Office,60,7,1735.514,3,3,2,332,Hibernating
BW-11200,Ben Wallace,Consumer,203,6,1738.406,2,3,2,232,Hibernating
SW-20245,Scot Wooten,Consumer,81,7,1085.078,3,4,2,342,Hibernating
BS-11665,Brian Stugart,Consumer,582,3,3288.11,1,1,4,114,About to Sleep
RF-19345,Randy Ferguson,Corporate,390,8,3309.15,1,4,4,144,At Risk
WB-21850,William Brown,Consumer,20,11,6160.102,5,5,5,555,Champions
TB-21625,Trudy Brown,Consumer,30,9,2797.668,4,5,4,454,Champions
AF-10870,Art Ferguson,Consumer,41,7,2052.908,4,3,3,433,Loyal Customers
RB-19435,Richard Bierner,Consumer,19,8,2663.086,5,4,3,543,Loyal Customers
KF-16285,Karen Ferguson,Home Office,97,7,10604.266,3,4,5,345,Loyal Customers
JH-15820,John Huston,Consumer,174,6,528.91,2,3,1,231,Hibernating
IL-15100,Ivan Liston,Consumer,142,7,5040.736,2,4,5,245,At Risk
PB-18805,Patrick Bzostek,Home Office,25,3,740.356,5,1,1,511,New Customers
RH-19600,Rob Haberlin,Consumer,534,3,2085.74,1,1,3,113,About to Sleep
AW-10930,Arthur Wiediger,Home Office,46,7,2852.968,4,3,4,434,Loyal Customers
ML-17410,Maris LaWare,Consumer,54,6,2921.5,3,3,4,334,Loyal Customers
DB-13555,Dorothy Badders,Corporate,107,7,3908.8028,2,3,4,234,At Risk
MH-17620,Matt Hagelstein,Corporate,155,4,1252.8,2,2,2,222,Lost Customers
DK-13375,Dennis Kane,Consumer,19,8,3318.486,5,4,4,544,Champions
BT-11440,Bobby Trafton,Consumer,560,4,603.876,1,1,1,111,Lost Customers
DB-13405,Denny Blanton,Consumer,187,4,1711.692,2,1,2,212,Lost Customers
TG-21310,Toby Gnade,Consumer,337,5,3058.372,1,3,4,134,At Risk
BF-11005,Barry Franz,Home Office,39,4,1333.88,4,1,2,412,Potential Loyalists
JM-16195,Justin MacKendrick,Consumer,57,10,2833.9260000000004,3,5,4,354,Loyal Customers
MZ-17335,Maria Zettner,Home Office,30,4,593.606,4,2,1,421,Need Attention
MW-18220,Mitch Webber,Consumer,17,7,5341.900000000001,5,4,5,545,Champions
MV-17485,Mark Van Huff,Consumer,27,9,1560.05,4,5,2,452,Hibernating
SM-20320,Sean Miller,Home Office,79,5,25043.05,3,2,5,325,Hibernating
TP-21415,Tom Prescott,Consumer,104,5,5329.0048,2,3,5,235,At Risk
JK-15625,Jim Karlsson,Consumer,61,7,3760.028,3,4,4,344,Loyal Customers
PJ-18835,Patrick Jones,Corporate,39,8,1220.09,4,4,2,442,Hibernating
RS-19420,Ricardo Sperren,Corporate,76,5,3221.29,3,2,4,324,Hibernating
SV-20935,Susan Vittorini,Consumer,2,8,1903.491,5,4,3,543,Loyal Customers
BC-11125,Becky Castell,Home Office,202,9,2933.676,2,5,4,254,At Risk
EM-13825,Elizabeth Moffitt,Corporate,55,8,2339.598,3,4,3,343,Loyal Customers
BM-11575,Brendan Murry,Corporate,100,6,808.162,3,3,1,331,Hibernating
KN-16705,Kristina Nunn,Home Office,98,8,2280.58,3,4,3,343,Loyal Customers
KW-16570,Kelly Williams,Consumer,771,4,449.096,1,1,1,111,Lost Customers
SC-20260,Scott Cohen,Corporate,187,8,3729.793,2,4,4,244,At Risk
CV-12295,Christina VanderZanden,Consumer,254,5,2830.628,1,2,4,124,About to Sleep
SG-20605,Speros Goranitis,Consumer,108,6,3124.832,2,3,4,234,At Risk
TM-21010,Tamara Manning,Consumer,103,8,2955.226,3,4,4,344,Loyal Customers
EM-13810,Eleni McCrary,Corporate,132,5,2567.01,2,2,3,223,About to Sleep
ML-18040,Michelle Lonsdale,Corporate,79,3,742.082,3,1,1,311,Need Attention
CR-12580,Clay Rozendal,Home Office,57,4,2148.852,3,1,3,313,Hibernating
AZ-10750,Annie Zypern,Consumer,160,6,1622.0179999999998,2,3,2,232,Hibernating
PW-19240,Pierre Wener,Consumer,464,7,3922.415,1,4,4,144,At Risk
SC-20380,Shahid Collister,Consumer,30,9,5992.536,4,5,5,455,Champions
CM-11935,Carlos Meador,Consumer,708,2,565.392,1,1,1,111,Lost Customers
GM-14695,Greg Maxwell,Corporate,117,3,6049.966,2,1,5,215,About to Sleep
TB-21250,Tim Brockman,Consumer,349,7,1602.376,1,4,2,142,Hibernating
JM-15865,John Murray,Consumer,109,7,7625.076000000001,2,4,5,245,At Risk
SC-20575,Sonia Cooley,Consumer,92,5,902.728,3,2,1,321,Need Attention
LS-17200,Luke Schmidt,Corporate,96,6,1010.256,3,3,2,332,Hibernating
RR-19315,Ralph Ritter,Consumer,19,2,615.932,5,1,1,511,New Customers
DB-12910,Daniel Byrd,Home Office,21,8,2171.599,5,4,3,543,Loyal Customers
TT-21220,Thomas Thornton,Consumer,183,8,1427.044,2,4,2,242,Hibernating
LO-17170,Lori Olson,Corporate,2,5,644.35,5,2,1,521,Need Attention
KD-16615,Ken Dana,Corporate,289,5,2243.51,1,2,3,123,About to Sleep
NB-18580,Nicole Brennan,Corporate,1165,2,273.872,1,1,1,111,Lost Customers
BD-11635,Brian Derr,Consumer,9,3,582.646,5,1,1,511,New Customers
CM-12235,Chris McAfee,Consumer,385,5,2305.712,1,2,3,123,About to Sleep
EN-13780,Edward Nazzal,Consumer,287,4,2199.366,1,1,3,113,About to Sleep
KN-16450,Kean Nguyen,Corporate,52,5,2171.962,4,2,3,423,Potential Loyalists
BO-11350,Bill Overfelt,Corporate,137,5,2682.728,2,2,3,223,About to Sleep
AG-10300,Aleksandra Gannaway,Corporate,118,4,367.548,2,1,1,211,Lost Customers
MC-17635,Matthew Clasen,Corporate,189,4,795.154,2,1,1,211,Lost Customers
TA-21385,Tom Ashbrook,Home Office,69,4,14595.62,3,2,5,325,Hibernating
JF-15295,Jason Fortune-,Consumer,225,5,955.124,1,2,1,121,Lost Customers
TT-21265,Tim Taslimi,Corporate,406,3,439.5,1,1,1,111,Lost Customers
SB-20170,Sarah Bern,Consumer,201,3,1348.02,2,1,2,212,Lost Customers
CL-12700,Craig Leslie,Home Office,105,5,2353.586,2,2,3,223,About to Sleep
HG-15025,Hunter Glantz,Consumer,6,7,3690.284,5,4,4,544,Champions
NL-18310,Nancy Lomonaco,Home Office,58,4,1418.09,3,2,2,322,Need Attention
RR-19525,Rick Reed,Corporate,170,6,3302.262,2,3,4,234,At Risk
TC-21295,Toby Carlisle,Consumer,27,8,4266.812,4,4,4,444,Champions
SV-20785,Stewart Visinsky,Consumer,320,9,4105.305,1,5,4,154,At Risk
BE-11410,Bobby Elias,Consumer,98,5,2261.438,3,2,3,323,Hibernating
SC-20680,Steve Carroll,Home Office,126,6,1254.64,2,3,2,232,Hibernating
DF-13135,David Flashing,Consumer,700,3,2390.534,1,1,3,113,About to Sleep
FH-14350,Fred Harton,Consumer,212,4,2271.284,2,1,3,213,About to Sleep
MS-17530,MaryBeth Skach,Consumer,434,4,475.656,1,2,1,121,Lost Customers
RH-19555,Ritsa Hightower,Consumer,519,2,740.382,1,1,1,111,Lost Customers
GA-14515,George Ashbrook,Consumer,149,8,3919.776,2,4,4,244,At Risk
JP-16135,Julie Prescott,Home Office,102,9,1707.71,3,5,2,352,Hibernating
Dp-13240,Dean percer,Home Office,84,11,7198.761,3,5,5,355,Loyal Customers
MO-17950,Michael Oakman,Consumer,180,2,154.288,2,1,1,211,Lost Customers
DL-13330,Denise Leinenbach,Consumer,57,4,585.02,3,1,1,311,Need Attention
MH-18025,Michelle Huthwaite,Consumer,49,5,2984.948,4,2,4,424,Potential Loyalists
DR-12940,Daniel Raglin,Home Office,50,8,8350.868,4,4,5,445,Champions
DM-13015,Darrin Martin,Consumer,57,7,6345.103,3,3,5,335,Loyal Customers
CA-11965,Carol Adams,Corporate,96,6,3789.7228,3,3,4,334,Loyal Customers
AC-10660,Anna Chung,Consumer,282,5,657.316,1,2,1,121,Lost Customers
DM-13345,Denise Monton,Corporate,22,8,4074.472,5,4,4,544,Champions
VF-21715,Vicky Freymann,Home Office,13,5,847.944,5,3,1,531,Hibernating
CC-12370,Christopher Conant,Consumer,43,5,12129.072000000002,4,2,5,425,Potential Loyalists
BF-11275,Beth Fritzler,Corporate,57,3,791.9899999999999,3,1,1,311,Need Attention
HG-14845,Harry Greene,Consumer,54,5,785.628,3,2,1,321,Need Attention
BP-11155,Becky Pak,Consumer,89,6,1697.861,3,3,2,332,Hibernating
EM-14140,Eugene Moren,Home Office,48,6,4588.436000000001,4,3,5,435,Loyal Customers
MA-17995,Michelle Arnett,Home Office,186,6,2453.284,2,3,3,233,At Risk
AY-10555,Andy Yotov,Corporate,14,4,497.014,5,1,1,511,New Customers
GB-14575,Giulietta Baptist,Consumer,13,5,4716.288,5,2,5,525,Potential Loyalists
JB-16045,Julia Barnett,Home Office,7,5,2518.115,5,2,3,523,Potential Loyalists
MG-17875,Michael Grace,Home Office,116,5,1242.833,2,2,2,222,Lost Customers
SR-20425,Sharelle Roach,Home Office,8,5,3233.481,5,2,4,524,Potential Loyalists
JB-16000,Joy Bell-,Consumer,43,7,644.1188,4,4,1,441,Hibernating
DM-12955,Dario Medina,Corporate,114,7,1322.034,2,3,2,232,Hibernating
TC-21475,Tony Chapman,Home Office,153,9,1244.976,2,5,2,252,Hibernating
SW-20350,Sean Wendt,Home Office,162,3,1019.044,2,1,2,212,Lost Customers
RE-19450,Richard Eichhorn,Consumer,302,5,876.696,1,2,1,121,Lost Customers
BF-11215,Benjamin Farhat,Home Office,65,4,1585.162,3,1,2,312,Need Attention
KB-16405,Katrina Bavinger,Home Office,117,3,908.821,2,1,1,211,Lost Customers
JG-15310,Jason Gross,Corporate,2,6,2240.58,5,3,3,533,Loyal Customers
EC-14050,Erin Creighton,Consumer,53,5,461.914,4,2,1,421,Need Attention
EB-14110,Eugene Barchas,Consumer,113,6,3071.126,2,3,4,234,At Risk
JP-15460,Jennifer Patt,Corporate,37,7,1669.135,4,4,2,442,Hibernating
CS-11845,Cari Sayre,Corporate,91,5,1278.954,3,2,2,322,Need Attention
GH-14410,Gary Hansen,Home Office,75,9,2819.467,3,5,4,354,Loyal Customers
PT-19090,Pete Takahito,Consumer,71,4,160.572,3,2,1,321,Need Attention
JL-15130,Jack Lebron,Consumer,8,6,1214.956,5,3,2,532,Hibernating
AH-10030,Aaron Hawkins,Corporate,12,7,1744.7,5,3,3,533,Loyal Customers
CC-12475,Cindy Chapman,Consumer,39,9,1659.438,4,5,2,452,Hibernating
DW-13195,David Wiener,Corporate,69,6,1080.751,3,3,2,332,Hibernating
SJ-20215,Sarah Jordon,Consumer,29,6,1341.036,4,3,2,432,Hibernating
BG-11740,Bruce Geld,Consumer,57,6,1006.356,3,3,2,332,Hibernating
LB-16795,Laurel Beltran,Home Office,152,8,4985.676,2,4,5,245,At Risk
CM-11815,Candace McMahon,Corporate,131,6,1673.888,2,3,2,232,Hibernating
EH-14185,Evan Henry,Consumer,105,6,923.884,2,3,1,231,Hibernating
TS-21505,Tony Sayre,Consumer,11,6,2243.274,5,3,3,533,Loyal Customers
PR-18880,Patrick Ryan,Consumer,36,5,1840.178,4,2,3,423,Potential Loyalists
LC-17050,Liz Carlisle,Consumer,54,5,2095.064,3,2,3,323,Hibernating
CS-12490,Cindy Schnelling,Corporate,424,4,1077.2285,1,1,2,112,Lost Customers
DH-13075,Dave Hallsten,Corporate,277,6,4932.872,1,3,5,135,At Risk
JO-15145,Jack O'Briant,Corporate,57,9,3254.949,3,5,4,354,Loyal Customers
AH-10690,Anna Häberlin,Corporate,410,12,7888.294,1,5,5,155,At Risk
HJ-14875,Heather Jas,Home Office,126,5,358.1,2,2,1,221,Lost Customers
MH-17455,Mark Hamilton,Consumer,85,8,2456.182,3,4,3,343,Loyal Customers
RD-19930,Russell D'Ascenzo,Consumer,42,4,970.942,4,2,2,422,Potential Loyalists
SC-20020,Sam Craven,Consumer,781,5,3362.9636,1,2,4,124,About to Sleep
SU-20665,Stephanie Ulpright,Home Office,20,7,2595.364,5,4,3,543,Loyal Customers
FC-14335,Fred Chung,Corporate,184,7,3889.366,2,3,4,234,At Risk
RB-19330,Randy Bradley,Consumer,68,2,1008.196,3,1,2,312,Need Attention
NC-18535,Nick Crebassa,Corporate,6,7,8241.739,5,4,5,545,Champions
DB-12970,Darren Budd,Corporate,241,5,2839.2272,1,2,4,124,About to Sleep
MF-17665,Maureen Fritzler,Corporate,421,5,937.039,1,2,1,121,Lost Customers
RM-19750,Roland Murray,Consumer,299,1,98.35,1,1,1,111,Lost Customers
VM-21835,Vivian Mathis,Consumer,117,5,380.69,2,3,1,231,Hibernating
EJ-13720,Ed Jacobs,Consumer,302,4,2162.174,1,1,3,113,About to Sleep
NC-18415,Nathan Cano,Consumer,41,6,2218.99,4,3,3,433,Loyal Customers
LS-17230,Lycoris Saunders,Consumer,777,3,368.88000000000005,1,1,1,111,Lost Customers
KE-16420,Katrina Edelman,Corporate,26,8,1686.7312,5,4,2,542,Hibernating
DH-13675,Duane Huffman,Home Office,776,4,1043.096,1,1,2,112,Lost Customers
PF-19120,Peter Fuller,Consumer,835,4,9062.864,1,2,5,125,About to Sleep
VT-21700,Valerie Takahito,Home Office,1000,2,1736.596,1,1,2,112,Lost Customers
MG-17695,Maureen Gnade,Consumer,555,3,1342.282,1,1,2,112,Lost Customers
SP-20920,Susan Pistek,Consumer,70,6,3990.689,3,3,4,334,Loyal Customers
CS-12175,Charles Sheldon,Corporate,232,5,844.4580000000001,1,2,1,121,Lost Customers
DK-12895,Dana Kaydos,Consumer,45,5,4282.176,4,2,4,424,Potential Loyalists
KM-16660,Khloe Miller,Consumer,15,5,453.538,5,2,1,521,Need Attention
AA-10645,Anna Andreadi,Consumer,55,6,5086.935,3,3,5,335,Loyal Customers
DD-13570,Dorothy Dickinson,Consumer,41,6,269.542,4,3,1,431,Hibernating
AH-10465,Amy Hunt,Consumer,230,5,2495.3916,1,2,3,123,About to Sleep
TP-21565,Tracy Poddar,Corporate,350,4,1936.64,1,2,3,123,About to Sleep
EK-13795,Eileen Kiefer,Home Office,44,4,1303.478,4,1,2,412,Potential Loyalists
CR-12820,Cyra Reiten,Home Office,85,3,1397.8724,3,1,2,312,Need Attention
SG-20890,Susan Gilcrest,Corporate,226,3,47.946,1,1,1,111,Lost Customers
AH-10585,Angele Hood,Consumer,21,4,738.504,5,1,1,511,New Customers
NF-18475,Neil Französisch,Home Office,525,4,377.162,1,2,1,121,Lost Customers
BS-11365,Bill Shonely,Corporate,558,5,10501.653,1,2,5,125,About to Sleep
SH-20635,Stefanie Holloman,Corporate,765,2,2096.392,1,1,3,113,About to Sleep
RD-19720,Roger Demir,Consumer,21,10,1419.737,5,5,2,552,Hibernating
AG-10330,Alex Grayson,Consumer,8,5,660.972,5,2,1,521,Need Attention
GR-14560,Georgia Rosenberg,Corporate,1135,2,1284.38,1,1,2,112,Lost Customers
VS-21820,Vivek Sundaresam,Consumer,221,4,1055.981,2,2,2,222,Lost Customers
TM-21490,Tony Molinari,Consumer,130,3,1094.678,2,1,2,212,Lost Customers
TS-21430,Tom Stivers,Corporate,172,5,2054.14,2,3,3,233,At Risk
DB-13360,Dennis Bolton,Home Office,264,5,1081.466,1,2,2,122,Lost Customers
NR-18550,Nick Radford,Consumer,210,5,2367.277,2,2,3,223,About to Sleep
CS-11860,Cari Schnelling,Consumer,162,6,537.632,2,3,1,231,Hibernating
MF-18250,Monica Federle,Corporate,7,5,1758.3,5,2,3,523,Potential Loyalists
LW-17125,Liz Willingham,Consumer,205,3,1259.04,2,1,2,212,Lost Customers
AR-10345,Alex Russell,Corporate,111,4,1055.694,2,1,2,212,Lost Customers
KS-16300,Karen Seio,Corporate,295,3,88.472,1,1,1,111,Lost Customers
AB-10015,Aaron Bergman,Consumer,415,3,886.156,1,1,1,111,Lost Customers
LR-17035,Lisa Ryan,Corporate,132,5,1879.306,2,2,3,223,About to Sleep
SS-20410,Shahid Shariari,Consumer,110,6,3056.807,2,3,4,234,At Risk
JM-15580,Jill Matthias,Consumer,0,5,303.948,5,2,1,521,Need Attention
JK-15325,Jason Klamczynski,Corporate,287,3,383.812,1,1,1,111,Lost Customers
DM-13525,Don Miller,Corporate,481,3,1376.792,1,1,2,112,Lost Customers
ML-18265,Muhammed Lee,Consumer,100,2,162.232,3,1,1,311,Need Attention
MH-17290,Marc Harrigan,Home Office,119,6,2394.025,2,3,3,233,At Risk
FC-14245,Frank Carlisle,Home Office,70,7,3418.742,3,3,4,334,Loyal Customers
TH-21115,Thea Hudgings,Corporate,58,4,2942.772,3,2,4,324,Hibernating
JK-16090,Juliana Krohn,Consumer,28,3,3747.668,4,1,4,414,Potential Loyalists
SB-20185,Sarah Brown,Consumer,188,6,6410.996,2,3,5,235,At Risk
BG-11035,Barry Gonzalez,Consumer,28,8,2798.948,4,4,4,444,Champions
BW-11065,Barry Weirich,Consumer,212,3,385.516,2,1,1,211,Lost Customers
MG-18205,Mitch Gastineau,Corporate,264,1,16.739,1,1,1,111,Lost Customers
DO-13645,Doug O'Connell,Consumer,26,7,1267.316,5,3,2,532,Hibernating
BP-11050,Barry Pond,Corporate,83,5,983.42,3,2,2,322,Need Attention
TS-21655,Trudy Schmidt,Consumer,238,5,3368.094,1,3,4,134,At Risk
EM-14200,Evan Minnotte,Home Office,158,3,366.822,2,1,1,211,Lost Customers
AO-10810,Anthony O'Donnell,Corporate,501,1,161.28,1,1,1,111,Lost Customers
MH-17440,Mark Haberlin,Corporate,376,4,400.016,1,2,1,121,Lost Customers
SS-20515,Shirley Schmidt,Home Office,491,3,613.4,1,1,1,111,Lost Customers
LD-16855,Lela Donovan,Corporate,552,1,5.304,1,1,1,111,Lost Customers
VP-21760,Victoria Pisteka,Corporate,75,7,3360.526,3,4,4,344,Loyal Customers
TC-21145,Theresa Coyne,Corporate,106,1,1038.26,2,1,2,212,Lost Customers
IM-15055,Ionia McGrath,Consumer,409,3,2872.63,1,1,4,114,About to Sleep
AR-10570,Anemone Ratner,Consumer,534,1,88.15,1,1,1,111,Lost Customers
CM-12715,Craig Molinari,Corporate,1035,4,3984.4524,1,1,4,114,About to Sleep
FW-14395,Fred Wasserman,Corporate,362,3,79.75,1,1,1,111,Lost Customers
LC-16960,Lindsay Castell,Home Office,436,4,3246.626,1,1,4,114,About to Sleep
HE-14800,Harold Engle,Corporate,12,4,883.5319999999999,5,1,1,511,New Customers
BD-11560,Brendan Dodson,Home Office,278,2,320.54,1,1,1,111,Lost Customers
HD-14785,Harold Dahlen,Home Office,769,3,251.36,1,1,1,111,Lost Customers
CJ-11875,Carl Jackson,Corporate,365,1,16.52,1,1,1,111,Lost Customers
RS-19870,Roy Skaria,Home Office,19,2,22.328,5,1,1,511,New Customers
SC-20845,Sung Chung,Consumer,131,2,280.632,2,1,1,211,Lost Customers
RE-19405,Ricardo Emerson,Consumer,1097,1,48.36,1,1,1,111,Lost Customers
SM-20905,Susan MacKendrick,Consumer,606,1,1043.041,1,1,2,112,Lost Customers
