customer_id,customer_name,segment,recency,frequency,monetary,total_profit,total_quantity,first_order_date,last_order_date,aov,profit_margin_pct,r_score,f_score,m_score,rfm_score,rfm_combined_score,rfm_segment
AA-10315,Alex Avila,Consumer,184,5,5563.56,-362.8825,30,2014-03-31,2017-06-29,1112.71,-6.52,2,2,5,225,9,About to Sleep
AA-10375,Allen Armold,Consumer,19,9,1056.39,277.3824,41,2014-04-21,2017-12-11,117.38,26.26,5,5,2,552,12,Hibernating
AA-10480,Andrew Allen,Consumer,259,4,1790.5120000000002,435.8274,36,2014-05-04,2017-04-15,447.63,24.34,1,1,3,113,5,About to Sleep
AA-10645,Anna Andreadi,Consumer,55,6,5086.9349999999995,857.8033,64,2014-06-22,2017-11-05,847.82,16.86,3,3,5,335,11,Loyal Customers
AB-10015,Aaron Bergman,Consumer,415,3,886.156,129.3465,13,2014-02-18,2016-11-10,295.39,14.6,1,1,1,111,3,Lost Customers
AB-10060,Adam Bellavance,Home Office,54,8,7755.62,2054.5885,56,2015-09-18,2017-11-06,969.45,26.49,3,4,5,345,12,Loyal Customers
AB-10105,Adrian Barton,Consumer,41,10,14473.570999999998,5444.8055,73,2014-12-20,2017-11-19,1447.36,37.62,4,5,5,455,14,Champions
AB-10150,Aimee Bixby,Consumer,41,5,966.71,313.6597,37,2014-03-05,2017-11-19,193.34,32.45,4,2,2,422,8,Potential Loyalists
AB-10165,Alan Barnes,Consumer,25,8,1113.838,220.813,48,2014-11-16,2017-12-05,139.23,19.82,5,4,2,542,11,Hibernating
AB-10255,Alejandro Ballentine,Home Office,166,9,914.5319999999999,264.5675,39,2014-07-22,2017-07-17,101.61,28.93,2,5,1,251,8,Hibernating
AB-10600,Ann Blume,Corporate,50,4,1515.862,-274.9604,38,2014-11-18,2017-11-10,378.97,-18.14,4,1,2,412,7,Potential Loyalists
AC-10420,Alyssa Crouse,Corporate,232,3,925.8,-62.1342,17,2014-07-12,2017-05-12,308.6,-6.71,1,1,1,111,3,Lost Customers
AC-10450,Amy Cox,Consumer,11,7,5527.846,1366.0098,43,2014-10-31,2017-12-19,789.69,24.71,5,3,5,535,13,Loyal Customers
AC-10615,Ann Chong,Corporate,6,5,2537.6859999999997,298.8273,59,2015-09-15,2017-12-24,507.54,11.78,5,2,3,523,10,Potential Loyalists
AC-10660,Anna Chung,Consumer,282,5,657.316,-28.700399999999995,16,2014-10-15,2017-03-23,131.46,-4.37,1,2,1,121,4,Lost Customers
AD-10180,Alan Dominguez,Home Office,29,8,6106.88,1869.9294,40,2014-11-19,2017-12-01,763.36,30.62,4,4,5,445,13,Champions
AF-10870,Art Ferguson,Consumer,41,7,2052.908,317.9712,51,2015-12-06,2017-11-19,293.27,15.49,4,3,3,433,10,Loyal Customers
AF-10885,Art Foster,Consumer,415,4,861.565,-163.1175,37,2014-05-10,2016-11-10,215.39,-18.93,1,1,1,111,3,Lost Customers
AG-10270,Alejandro Grove,Consumer,278,5,2582.898,732.7399,58,2014-05-13,2017-03-27,516.58,28.37,1,2,3,123,6,About to Sleep
AG-10300,Aleksandra Gannaway,Corporate,118,4,367.548,59.288399999999996,16,2014-04-26,2017-09-03,91.89,16.13,2,1,1,211,4,Lost Customers
AG-10330,Alex Grayson,Consumer,8,5,660.972,-5.137100000000006,47,2016-08-03,2017-12-22,132.19,-0.78,5,2,1,521,8,Need Attention
AG-10390,Allen Goldenen,Consumer,114,5,200.945,69.2784,33,2014-04-19,2017-09-07,40.19,34.48,2,2,1,221,5,Lost Customers
AG-10495,Andrew Gjertsen,Corporate,78,8,2356.855,295.6668,93,2015-01-04,2017-10-13,294.61,12.54,3,4,3,343,10,Loyal Customers
AG-10525,Andy Gerbode,Corporate,845,4,1455.038,-152.7613,33,2014-08-09,2015-09-07,363.76,-10.5,1,1,2,112,4,Lost Customers
AG-10675,Anna Gayman,Consumer,97,7,3489.0396000000005,-246.42570000000003,54,2015-05-07,2017-09-24,498.43,-7.06,3,3,4,334,10,Loyal Customers
AG-10765,Anthony Garverick,Home Office,77,4,170.584,-8.431000000000001,20,2014-09-17,2017-10-14,42.65,-4.94,3,1,1,311,5,Need Attention
AG-10900,Arthur Gainer,Consumer,96,10,4510.797,343.6824,92,2014-07-23,2017-09-25,451.08,7.62,3,5,5,355,13,Loyal Customers
AH-10030,Aaron Hawkins,Corporate,12,7,1744.7,365.2152,54,2014-04-22,2017-12-18,249.24,20.93,5,3,3,533,11,Loyal Customers
AH-10075,Adam Hart,Corporate,34,10,3250.337,281.189,75,2014-11-16,2017-11-26,325.03,8.65,4,5,4,454,13,Champions
AH-10120,Adrian Hane,Home Office,60,7,1735.5140000000001,-2.3145999999999773,65,2014-07-18,2017-10-31,247.93,-0.13,3,3,2,332,8,Hibernating
AH-10195,Alan Haines,Corporate,55,4,1587.452,-378.5509,28,2015-03-05,2017-11-05,396.86,-23.85,3,1,2,312,6,Need Attention
AH-10210,Alan Hwang,Consumer,6,9,4805.344,1308.5546,53,2014-11-29,2017-12-24,533.93,27.23,5,5,5,555,15,Champions
AH-10465,Amy Hunt,Consumer,230,5,2495.3916,-196.12009999999998,35,2015-01-03,2017-05-14,499.08,-7.86,1,2,3,123,6,About to Sleep
AH-10585,Angele Hood,Consumer,21,4,738.504,83.96300000000001,17,2014-10-26,2017-12-09,184.63,11.37,5,1,1,511,7,New Customers
AH-10690,Anna Häberlin,Corporate,410,12,7888.294,1298.0166,102,2014-04-02,2016-11-15,657.36,16.45,1,5,5,155,11,At Risk
AI-10855,Arianne Irving,Consumer,13,10,4375.786,867.7271000000001,72,2014-04-28,2017-12-17,437.58,19.83,5,5,5,555,15,Champions
AJ-10780,Anthony Jacobs,Corporate,75,7,4867.344,150.71300000000005,62,2014-01-10,2017-10-16,695.33,3.1,3,3,5,335,11,Loyal Customers
AJ-10795,Anthony Johnson,Corporate,166,7,4501.391,1158.7064,88,2014-05-14,2017-07-17,643.06,25.74,2,3,5,235,10,At Risk
AJ-10945,Ashley Jarboe,Consumer,85,7,1839.24,521.1351999999999,40,2014-03-03,2017-10-06,262.75,28.33,3,3,3,333,9,Loyal Customers
AJ-10960,Astrea Jones,Consumer,74,3,629.2479999999999,60.4265,22,2014-09-14,2017-10-17,209.75,9.6,3,1,1,311,5,Need Attention
AM-10360,Alice McCarthy,Corporate,28,5,814.012,194.9878,48,2014-10-06,2017-12-02,162.8,23.95,4,2,1,421,7,Need Attention
AM-10705,Anne McFarland,Consumer,162,8,5664.022,1085.7326,81,2014-10-31,2017-07-21,708.0,19.17,2,4,5,245,11,At Risk
AO-10810,Anthony O'Donnell,Corporate,501,1,161.28,12.096,2,2016-08-16,2016-08-16,161.28,7.5,1,1,1,111,3,Lost Customers
AP-10720,Anne Pryor,Home Office,41,8,1638.554,285.7888,85,2014-03-03,2017-11-19,204.82,17.44,4,4,2,442,10,Hibernating
AP-10915,Arthur Prichep,Consumer,98,10,3323.556,579.3113,102,2014-08-23,2017-09-23,332.36,17.43,3,5,4,354,12,Loyal Customers
AR-10345,Alex Russell,Corporate,111,4,1055.694,-221.0544,18,2014-12-30,2017-09-10,263.92,-20.94,2,1,2,212,5,Lost Customers
AR-10405,Allen Rosenblatt,Corporate,125,5,2236.128,-98.7646,29,2014-10-03,2017-08-27,447.23,-4.42,2,2,3,223,7,About to Sleep
AR-10510,Andrew Roberts,Consumer,14,5,264.86400000000003,43.6695,33,2014-05-02,2017-12-16,52.97,16.49,5,2,1,521,8,Need Attention
AR-10540,Andy Reiter,Consumer,6,6,6608.448,2884.6208,33,2014-11-25,2017-12-24,1101.41,43.65,5,3,5,535,13,Loyal Customers
AR-10570,Anemone Ratner,Consumer,534,1,88.15,32.633,6,2016-07-14,2016-07-14,88.15,37.02,1,1,1,111,3,Lost Customers
AR-10825,Anthony Rawles,Corporate,58,8,4523.336,494.83519999999993,54,2014-06-30,2017-11-02,565.42,10.94,3,4,5,345,12,Loyal Customers
AS-10045,Aaron Smayling,Corporate,88,7,3050.692,-253.57459999999998,48,2014-07-27,2017-10-03,435.81,-8.31,3,3,4,334,10,Loyal Customers
AS-10090,Adam Shillingsburg,Consumer,28,9,3255.31,64.53739999999998,81,2014-09-22,2017-12-02,361.7,1.98,4,5,4,454,13,Champions
AS-10135,Adrian Shami,Home Office,41,2,58.82,21.8496,9,2016-11-13,2017-11-19,29.41,37.15,4,1,1,411,6,New Customers
AS-10225,Alan Schoenberger,Corporate,22,5,4260.784,719.7751000000001,41,2014-10-18,2017-12-08,852.16,16.89,5,2,4,524,11,Potential Loyalists
AS-10240,Alan Shonely,Consumer,192,7,584.6080000000001,33.715799999999994,39,2014-03-15,2017-06-21,83.52,5.77,2,3,1,231,6,Hibernating
AS-10285,Alejandro Savely,Corporate,19,6,3214.236,354.62760000000003,39,2016-05-21,2017-12-11,535.71,11.03,5,3,4,534,12,Loyal Customers
AS-10630,Ann Steele,Home Office,92,7,833.398,136.49190000000002,34,2014-08-01,2017-09-29,119.06,16.38,3,3,1,331,7,Hibernating
AT-10435,Alyssa Tate,Home Office,21,6,1171.814,100.87680000000002,28,2014-11-24,2017-12-09,195.3,8.61,5,3,2,532,10,Hibernating
AT-10735,Annie Thurman,Consumer,13,10,3831.864,974.107,60,2014-08-30,2017-12-17,383.19,25.42,5,5,4,554,14,Champions
AW-10840,Anthony Witt,Consumer,20,4,649.376,65.77250000000001,24,2015-04-13,2017-12-10,162.34,10.13,5,1,1,511,7,New Customers
AW-10930,Arthur Wiediger,Home Office,46,7,2852.968,-104.5486,68,2014-07-14,2017-11-14,407.57,-3.66,4,3,4,434,11,Loyal Customers
AY-10555,Andy Yotov,Corporate,14,4,497.014,103.3499,34,2014-04-06,2017-12-16,124.25,20.79,5,1,1,511,7,New Customers
AZ-10750,Annie Zypern,Consumer,160,6,1622.0179999999998,154.9503,40,2014-03-17,2017-07-23,270.34,9.55,2,3,2,232,7,Hibernating
BB-10990,Barry Blumstein,Corporate,105,5,744.3399999999999,11.583900000000007,26,2014-07-27,2017-09-16,148.87,1.56,2,2,1,221,5,Lost Customers
BB-11545,Brenda Bowman,Corporate,28,9,6765.728,1015.0749999999999,83,2015-06-05,2017-12-02,751.75,15.0,4,5,5,455,14,Champions
BC-11125,Becky Castell,Home Office,202,9,2933.676,251.5974,60,2014-07-06,2017-06-11,325.96,8.58,2,5,4,254,11,At Risk
BD-11320,Bill Donatelli,Consumer,33,12,5718.521,1094.5037,75,2015-05-31,2017-11-27,476.54,19.14,4,5,5,455,14,Champions
BD-11500,Bradley Drucker,Consumer,35,6,4411.2429999999995,1142.1225,49,2014-02-01,2017-11-25,735.21,25.89,4,3,5,435,12,Loyal Customers
BD-11560,Brendan Dodson,Home Office,278,2,320.54,116.714,11,2015-05-30,2017-03-27,160.27,36.41,1,1,1,111,3,Lost Customers
BD-11605,Brian Dahlen,Consumer,97,7,3288.471,634.8463,74,2014-01-13,2017-09-24,469.78,19.31,3,3,4,334,10,Loyal Customers
BD-11620,Brian DeCherney,Consumer,69,6,1538.11,206.75689999999997,27,2014-06-30,2017-10-22,256.35,13.44,3,3,2,332,8,Hibernating
BD-11635,Brian Derr,Consumer,9,3,582.646,141.53400000000002,19,2014-10-05,2017-12-21,194.22,24.29,5,1,1,511,7,New Customers
BD-11725,Bruce Degenhardt,Consumer,93,6,1526.5,333.9791,29,2015-07-03,2017-09-28,254.42,21.88,3,3,2,332,8,Hibernating
BD-11770,Bryan Davis,Consumer,327,6,658.466,141.265,21,2016-03-10,2017-02-06,109.74,21.45,1,3,1,131,5,Hibernating
BE-11335,Bill Eplett,Home Office,119,5,4204.676,1487.7739000000001,35,2016-01-15,2017-09-02,840.94,35.38,2,2,4,224,8,About to Sleep
BE-11410,Bobby Elias,Consumer,98,5,2261.438,755.9150999999999,19,2016-02-07,2017-09-23,452.29,33.43,3,2,3,323,8,Hibernating
BE-11455,Brad Eason,Home Office,254,6,1727.652,139.20080000000002,40,2015-08-02,2017-04-20,287.94,8.06,1,3,2,132,6,Hibernating
BF-10975,Barbara Fisher,Corporate,91,7,599.798,227.4384,38,2014-07-14,2017-09-30,85.69,37.92,3,3,1,331,7,Hibernating
BF-11005,Barry Franz,Home Office,39,4,1333.88,-291.38109999999995,26,2014-09-25,2017-11-21,333.47,-21.84,4,1,2,412,7,Potential Loyalists
BF-11020,Barry Französisch,Corporate,74,8,2888.506,302.02,78,2014-02-15,2017-10-17,361.06,10.46,3,4,4,344,11,Loyal Customers
BF-11080,Bart Folk,Consumer,25,3,272.95,110.9272,29,2014-11-28,2017-12-05,90.98,40.64,5,1,1,511,7,New Customers
BF-11170,Ben Ferrer,Home Office,16,11,5907.972,1538.2127,102,2014-04-13,2017-12-14,537.09,26.04,5,5,5,555,15,Champions
BF-11215,Benjamin Farhat,Home Office,65,4,1585.162,523.2133,48,2014-11-09,2017-10-26,396.29,33.01,3,1,2,312,6,Need Attention
BF-11275,Beth Fritzler,Corporate,57,3,791.9899999999999,25.870199999999997,11,2014-03-22,2017-11-03,264.0,3.27,3,1,1,311,5,Need Attention
BG-11035,Barry Gonzalez,Consumer,28,8,2798.948,-711.4274,35,2014-11-05,2017-12-02,349.87,-25.42,4,4,4,444,12,Champions
BG-11695,Brooke Gillingham,Corporate,36,6,1874.172,107.5715,24,2014-05-11,2017-11-24,312.36,5.74,4,3,3,433,10,Loyal Customers
BG-11740,Bruce Geld,Consumer,57,6,1006.356,119.34790000000001,22,2014-03-23,2017-11-03,167.73,11.86,3,3,2,332,8,Hibernating
BH-11710,Brosina Hoffman,Consumer,23,8,6255.351,802.7898,97,2014-06-09,2017-12-07,781.92,12.83,5,4,5,545,14,Champions
BK-11260,Berenike Kampe,Consumer,77,6,659.1379999999999,-63.764399999999995,58,2014-08-03,2017-10-14,109.86,-9.67,3,3,1,331,7,Hibernating
BM-11140,Becky Martin,Consumer,307,4,11789.63,-1659.9580999999998,64,2014-09-08,2017-02-26,2947.41,-14.08,1,1,5,115,7,About to Sleep
BM-11575,Brendan Murry,Corporate,100,6,808.162,95.58160000000001,22,2015-09-15,2017-09-21,134.69,11.83,3,3,1,331,7,Hibernating
BM-11650,Brian Moss,Corporate,33,11,7294.185,2199.2781,95,2014-07-09,2017-11-27,663.11,30.15,4,5,5,455,14,Champions
BM-11785,Bryan Mills,Consumer,218,10,1338.842,137.7439,44,2014-06-06,2017-05-26,133.88,10.29,2,5,2,252,9,Hibernating
BN-11470,Brad Norvell,Corporate,24,4,265.296,36.6131,15,2014-09-12,2017-12-06,66.32,13.8,5,1,1,511,7,New Customers
BN-11515,Bradley Nguyen,Consumer,9,5,1459.344,340.7054,79,2014-03-17,2017-12-21,291.87,23.35,5,2,2,522,9,Potential Loyalists
BO-11350,Bill Overfelt,Corporate,137,5,2682.728,278.77700000000004,43,2016-01-03,2017-08-15,536.55,10.39,2,2,3,223,7,About to Sleep
BO-11425,Bobby Odegard,Consumer,75,2,130.83,59.4522,7,2015-09-10,2017-10-16,65.42,45.44,3,1,1,311,5,Need Attention
BP-11050,Barry Pond,Corporate,83,5,983.42,209.78300000000002,30,2014-10-12,2017-10-08,196.68,21.33,3,2,2,322,7,Need Attention
BP-11095,Bart Pistole,Corporate,17,12,2442.044,433.9751,70,2014-06-07,2017-12-13,203.5,17.77,5,5,3,553,13,Loyal Customers
BP-11155,Becky Pak,Consumer,89,6,1697.8609999999999,647.3847000000001,32,2015-06-04,2017-10-02,282.98,38.13,3,3,2,332,8,Hibernating
BP-11185,Ben Peterman,Corporate,1,9,3675.861,363.5991,69,2015-03-24,2017-12-29,408.43,9.89,5,5,4,554,14,Champions
BP-11230,Benjamin Patterson,Consumer,39,5,1181.49,-197.2695,14,2014-04-20,2017-11-21,236.3,-16.7,4,2,2,422,8,Potential Loyalists
BP-11290,Beth Paige,Consumer,12,7,2475.157,-319.0637,51,2014-10-03,2017-12-18,353.59,-12.89,5,3,3,533,11,Loyal Customers
BS-11365,Bill Shonely,Corporate,558,5,10501.653,2616.0643999999998,39,2014-05-04,2016-06-20,2100.33,24.91,1,2,5,125,8,About to Sleep
BS-11380,Bill Stewart,Corporate,28,5,3887.834,-17.532200000000024,58,2014-11-29,2017-12-02,777.57,-0.45,4,2,4,424,10,Potential Loyalists
BS-11590,Brendan Sweed,Corporate,35,6,2454.928,381.7807,41,2014-01-14,2017-11-25,409.15,15.55,4,3,3,433,10,Loyal Customers
BS-11665,Brian Stugart,Consumer,582,3,3288.1099999999997,238.73680000000002,47,2014-06-23,2016-05-27,1096.04,7.26,1,1,4,114,6,About to Sleep
BS-11755,Bruce Stewart,Consumer,1,7,2562.382,-113.29840000000003,45,2014-05-18,2017-12-29,366.05,-4.42,5,3,3,533,11,Loyal Customers
BS-11800,Bryan Spruell,Home Office,265,2,949.4300000000001,194.0516,22,2015-09-26,2017-04-09,474.72,20.44,1,1,1,111,3,Lost Customers
BT-11305,Beth Thompson,Home Office,336,5,2567.656,417.5918,33,2014-04-25,2017-01-28,513.53,16.26,1,2,3,123,6,About to Sleep
BT-11395,Bill Tyler,Corporate,302,6,2186.6130000000003,257.9163,38,2014-10-28,2017-03-03,364.44,11.8,1,3,3,133,7,At Risk
BT-11440,Bobby Trafton,Consumer,560,4,603.876,-77.5256,16,2014-06-04,2016-06-18,150.97,-12.84,1,1,1,111,3,Lost Customers
BT-11485,Brad Thomas,Home Office,659,2,415.19599999999997,126.8694,11,2015-12-27,2016-03-11,207.6,30.56,1,1,1,111,3,Lost Customers
BT-11530,Bradley Talbott,Home Office,91,5,2684.4919999999997,409.4983,44,2014-05-21,2017-09-30,536.9,15.25,3,2,3,323,8,Hibernating
BT-11680,Brian Thompson,Consumer,20,7,3196.752,447.74839999999995,88,2014-11-28,2017-12-10,456.68,14.01,5,3,4,534,12,Loyal Customers
BV-11245,Benjamin Venier,Corporate,334,5,1523.2730000000001,315.2214,49,2015-03-26,2017-01-30,304.65,20.69,1,2,2,122,5,Lost Customers
BW-11065,Barry Weirich,Consumer,212,3,385.516,-58.28659999999999,8,2014-05-25,2017-06-01,128.51,-15.12,2,1,1,211,4,Lost Customers
BW-11110,Bart Watters,Corporate,121,8,4750.358,921.2574,74,2015-03-20,2017-08-31,593.79,19.39,2,4,5,245,11,At Risk
BW-11200,Ben Wallace,Consumer,203,6,1738.406,246.9973,49,2014-08-12,2017-06-10,289.73,14.21,2,3,2,232,7,Hibernating
CA-11965,Carol Adams,Corporate,96,6,3789.7228,1143.3817,29,2014-01-26,2017-09-25,631.62,30.17,3,3,4,334,10,Loyal Customers
CA-12055,Cathy Armstrong,Home Office,401,5,1679.7240000000002,211.2559,49,2015-09-05,2016-11-24,335.94,12.58,1,2,2,122,5,Lost Customers
CA-12265,Christina Anderson,Consumer,56,9,2648.2872,279.6183,65,2014-03-25,2017-11-04,294.25,10.56,3,5,3,353,11,Loyal Customers
CA-12310,Christine Abelman,Corporate,13,4,1421.954,246.02179999999998,25,2014-07-19,2017-12-17,355.49,17.3,5,1,2,512,8,Potential Loyalists
CA-12775,Cynthia Arntzen,Consumer,120,7,3041.566,204.48950000000002,72,2014-06-28,2017-09-01,434.51,6.72,2,3,4,234,9,At Risk
CB-12025,Cassandra Brandow,Consumer,47,10,6076.139,150.2089,122,2014-03-21,2017-11-13,607.61,2.47,4,5,5,455,14,Champions
CB-12415,Christy Brittain,Consumer,26,8,1949.2,272.3883,44,2015-11-05,2017-12-04,243.65,13.97,5,4,3,543,12,Loyal Customers
CB-12535,Claudia Bergmann,Corporate,197,8,4246.4555,1049.5601,74,2015-01-02,2017-06-16,530.81,24.72,2,4,4,244,10,At Risk
CC-12100,Chad Cunningham,Home Office,457,6,1770.945,208.5912,46,2014-12-16,2016-09-29,295.16,11.78,1,3,3,133,7,At Risk
CC-12145,Charles Crestani,Consumer,106,7,2471.65,392.2825,31,2014-07-20,2017-09-15,353.09,15.87,2,3,3,233,8,At Risk
CC-12220,Chris Cortes,Consumer,20,12,3913.418,393.9618,81,2014-09-09,2017-12-10,326.12,10.07,5,5,4,554,14,Champions
CC-12370,Christopher Conant,Consumer,43,5,12129.072000000002,2177.0493,34,2016-05-23,2017-11-17,2425.81,17.95,4,2,5,425,11,Potential Loyalists
CC-12430,Chuck Clark,Home Office,0,10,2870.05,424.6583,63,2015-09-06,2017-12-30,287.0,14.8,5,5,4,554,14,Champions
CC-12475,Cindy Chapman,Consumer,39,9,1659.438,154.851,40,2014-05-16,2017-11-21,184.38,9.33,4,5,2,452,11,Hibernating
CC-12550,Clay Cheatham,Consumer,27,3,113.832,33.870599999999996,14,2017-06-15,2017-12-03,37.94,29.75,4,1,1,411,6,New Customers
CC-12610,Corey Catlett,Corporate,34,7,2540.631,331.434,39,2014-08-27,2017-11-26,362.95,13.05,4,3,3,433,10,Loyal Customers
CC-12670,Craig Carreira,Consumer,29,7,2269.7015,187.8399,47,2014-12-23,2017-12-01,324.24,8.28,4,3,3,433,10,Loyal Customers
CC-12685,Craig Carroll,Consumer,799,4,2854.1150000000002,850.1591,51,2014-03-22,2015-10-23,713.53,29.79,1,1,4,114,6,About to Sleep
CD-11920,Carlos Daly,Consumer,40,5,2033.968,426.661,35,2014-03-24,2017-11-20,406.79,20.98,4,2,3,423,9,Potential Loyalists
CD-11980,Carol Darley,Consumer,54,3,639.766,-206.7172,22,2016-11-24,2017-11-06,213.26,-32.31,3,1,1,311,5,Need Attention
CD-12280,Christina DeMoss,Consumer,42,2,1205.584,233.0274,39,2017-11-05,2017-11-18,602.79,19.33,4,1,2,412,7,Potential Loyalists
CD-12790,Cynthia Delaney,Home Office,399,5,1860.732,403.8422,49,2014-02-02,2016-11-26,372.15,21.7,1,2,3,123,6,About to Sleep
CG-12040,Catherine Glotzbach,Home Office,49,6,904.4680000000001,86.5106,37,2015-06-01,2017-11-11,150.74,9.56,4,3,1,431,8,Hibernating
CG-12520,Claire Gute,Consumer,338,3,1148.7800000000002,169.93439999999998,14,2015-10-15,2017-01-26,382.93,14.79,1,1,2,112,4,Lost Customers
CH-12070,Cathy Hwang,Home Office,691,3,1537.236,195.15109999999999,13,2015-06-25,2016-02-08,512.41,12.69,1,1,2,112,4,Lost Customers
CJ-11875,Carl Jackson,Corporate,365,1,16.52,1.652,5,2016-12-30,2016-12-30,16.52,10.0,1,1,1,111,3,Lost Customers
CJ-12010,Caroline Jumper,Consumer,189,8,11164.974,858.7414,83,2016-03-10,2017-06-24,1395.62,7.69,2,4,5,245,11,At Risk
CK-12205,Chloris Kastensmidt,Consumer,39,13,3154.855,141.2831,122,2014-03-11,2017-11-21,242.68,4.48,4,5,4,454,13,Champions
CK-12325,Christine Kargatis,Home Office,120,5,2945.321,261.22090000000003,46,2014-03-14,2017-09-01,589.06,8.87,2,2,4,224,8,About to Sleep
CK-12595,Clytie Kelty,Consumer,43,11,2372.75,497.70980000000003,108,2014-12-26,2017-11-17,215.7,20.98,4,5,3,453,12,Loyal Customers
CK-12760,Cyma Kinney,Corporate,82,9,1582.109,-338.4311,64,2014-02-07,2017-10-09,175.79,-21.39,3,5,2,352,10,Hibernating
CL-11890,Carl Ludwig,Consumer,106,4,1262.0140000000001,328.0847,24,2014-07-26,2017-09-15,315.5,26.0,2,1,2,212,5,Lost Customers
CL-12565,Clay Ludtke,Consumer,284,12,10880.546,1933.7830999999999,106,2014-03-04,2017-03-21,906.71,17.77,1,5,5,155,11,At Risk
CL-12700,Craig Leslie,Home Office,105,5,2353.586,229.00990000000002,34,2016-04-24,2017-09-16,470.72,9.73,2,2,3,223,7,About to Sleep
CM-11815,Candace McMahon,Corporate,131,6,1673.888,214.463,38,2014-11-14,2017-08-21,278.98,12.81,2,3,2,232,7,Hibernating
CM-11935,Carlos Meador,Consumer,708,2,565.392,-43.732400000000005,18,2015-09-24,2016-01-22,282.7,-7.73,1,1,1,111,3,Lost Customers
CM-12115,Chad McGuire,Consumer,8,4,1661.6100000000001,409.0679,35,2015-03-29,2017-12-22,415.4,24.62,5,1,2,512,8,Potential Loyalists
CM-12160,Charles McCrossin,Consumer,26,6,2533.314,-394.3686,23,2016-10-21,2017-12-04,422.22,-15.57,5,3,3,533,11,Loyal Customers
CM-12190,Charlotte Melton,Consumer,8,6,1475.144,91.2033,21,2015-09-18,2017-12-22,245.86,6.18,5,3,2,532,10,Hibernating
CM-12235,Chris McAfee,Consumer,385,5,2305.712,365.0387,28,2016-05-01,2016-12-10,461.14,15.83,1,2,3,123,6,About to Sleep
CM-12385,Christopher Martinez,Consumer,37,4,8954.019999999999,3899.8903999999998,34,2015-03-16,2017-11-23,2238.5,43.55,4,1,5,415,10,Potential Loyalists
CM-12445,Chuck Magee,Consumer,436,3,287.99,64.4296,32,2014-06-09,2016-10-20,96.0,22.37,1,1,1,111,3,Lost Customers
CM-12655,Corinna Mitchell,Home Office,27,6,6339.5576,1572.4585,42,2015-03-19,2017-12-03,1056.59,24.8,4,3,5,435,12,Loyal Customers
CM-12715,Craig Molinari,Corporate,1035,4,3984.4524,176.3108,57,2014-03-07,2015-03-01,996.11,4.42,1,1,4,114,6,About to Sleep
CP-12085,Cathy Prescott,Corporate,82,8,5402.254,427.0258,57,2014-12-04,2017-10-09,675.28,7.9,3,4,5,345,12,Loyal Customers
CP-12340,Christine Phan,Corporate,160,8,5888.275,-1850.3029000000001,59,2014-03-17,2017-07-23,736.03,-31.42,2,4,5,245,11,At Risk
CR-12580,Clay Rozendal,Home Office,57,4,2148.852,74.40129999999999,32,2016-04-18,2017-11-03,537.21,3.46,3,1,3,313,7,Hibernating
CR-12625,Corey Roper,Home Office,470,3,475.9,144.7594,14,2014-06-01,2016-09-16,158.63,30.42,1,1,1,111,3,Lost Customers
CR-12730,Craig Reiter,Consumer,78,4,1600.55,306.9176,18,2014-08-20,2017-10-13,400.14,19.18,3,1,2,312,6,Need Attention
CR-12820,Cyra Reiten,Home Office,85,3,1397.8724,83.27029999999999,26,2015-01-24,2017-10-06,465.96,5.96,3,1,2,312,6,Need Attention
CS-11845,Cari Sayre,Corporate,91,5,1278.954,185.3776,22,2014-12-14,2017-09-30,255.79,14.49,3,2,2,322,7,Need Attention
CS-11860,Cari Schnelling,Consumer,162,6,537.632,105.8275,16,2014-05-02,2017-07-21,89.61,19.68,2,3,1,231,6,Hibernating
CS-11950,Carlos Soltero,Consumer,25,11,3036.547,-126.4223,68,2014-06-08,2017-12-05,276.05,-4.16,5,5,4,554,14,Champions
CS-12130,Chad Sievert,Consumer,489,4,884.64,143.8339,28,2014-08-05,2016-08-28,221.16,16.26,1,1,1,111,3,Lost Customers
CS-12175,Charles Sheldon,Corporate,232,5,844.4580000000001,113.1405,30,2014-08-12,2017-05-12,168.89,13.4,1,2,1,121,4,Lost Customers
CS-12250,Chris Selesnick,Corporate,26,12,2754.216,738.3626,97,2014-01-13,2017-12-04,229.52,26.81,5,5,4,554,14,Champions
CS-12355,Christine Sundaresam,Consumer,6,11,3202.1620000000003,831.9432,74,2014-08-15,2017-12-24,291.11,25.98,5,5,4,554,14,Champions
CS-12400,Christopher Schild,Home Office,2,9,3651.8585000000003,-342.80330000000004,47,2014-09-26,2017-12-28,405.76,-9.39,5,5,4,554,14,Champions
CS-12460,Chuck Sachs,Consumer,27,2,550.644,156.2593,13,2017-07-03,2017-12-03,275.32,28.38,4,1,1,411,6,New Customers
CS-12490,Cindy Schnelling,Corporate,424,4,1077.2285,-302.8761,33,2015-01-12,2016-11-01,269.31,-28.12,1,1,2,112,4,Lost Customers
CS-12505,Cindy Stewart,Consumer,58,6,5690.054999999999,-6626.389499999999,40,2014-03-26,2017-11-02,948.34,-116.46,3,3,5,335,11,Loyal Customers
CT-11995,Carol Triggs,Consumer,96,8,3241.898,161.22629999999995,60,2014-05-07,2017-09-25,405.24,4.97,3,4,4,344,11,Loyal Customers
CV-12295,Christina VanderZanden,Consumer,254,5,2830.6279999999997,493.0861,54,2014-03-28,2017-04-20,566.13,17.42,1,2,4,124,7,About to Sleep
CV-12805,Cynthia Voltz,Corporate,5,9,2370.3136,98.99749999999999,62,2016-05-09,2017-12-25,263.37,4.18,5,5,3,553,13,Loyal Customers
CW-11905,Carl Weiss,Home Office,22,6,1136.592,370.8298,40,2014-06-09,2017-12-08,189.43,32.63,5,3,2,532,10,Hibernating
CY-12745,Craig Yedwab,Corporate,60,8,2900.026,60.64670000000001,43,2014-12-12,2017-10-31,362.5,2.09,3,4,4,344,11,Loyal Customers
Co-12640,Corey-Lock,Consumer,549,5,1300.076,205.62820000000002,30,2014-06-20,2016-06-29,260.02,15.82,1,2,2,122,5,Lost Customers
DA-13450,Dianna Arnett,Home Office,352,4,156.76,56.7904,27,2014-04-25,2017-01-12,39.19,36.23,1,1,1,111,3,Lost Customers
DB-12910,Daniel Byrd,Home Office,21,8,2171.599,431.3748,47,2014-10-24,2017-12-09,271.45,19.86,5,4,3,543,12,Loyal Customers
DB-12970,Darren Budd,Corporate,241,5,2839.2272,213.00289999999998,43,2014-11-12,2017-05-03,567.85,7.5,1,2,4,124,7,About to Sleep
DB-13060,Dave Brooks,Consumer,16,7,4531.646,473.0272,48,2014-03-01,2017-12-14,647.38,10.44,5,3,5,535,13,Loyal Customers
DB-13120,David Bremer,Corporate,48,7,2973.094,-1421.7692,59,2015-05-01,2017-11-12,424.73,-47.82,4,3,4,434,11,Loyal Customers
DB-13210,Dean Braden,Consumer,9,10,2332.577,169.9679,75,2015-03-22,2017-12-21,233.26,7.29,5,5,3,553,13,Loyal Customers
DB-13270,Deborah Brumfield,Home Office,53,8,4655.897,841.8263999999999,52,2014-02-04,2017-11-07,581.99,18.08,4,4,5,445,13,Champions
DB-13360,Dennis Bolton,Home Office,264,5,1081.466,291.0085,28,2014-11-19,2017-04-10,216.29,26.91,1,2,2,122,5,Lost Customers
DB-13405,Denny Blanton,Consumer,187,4,1711.692,438.9092,62,2015-08-08,2017-06-26,427.92,25.64,2,1,2,212,5,Lost Customers
DB-13555,Dorothy Badders,Corporate,107,7,3908.8028,109.32700000000001,61,2014-04-21,2017-09-14,558.4,2.8,2,3,4,234,9,At Risk
DB-13615,Doug Bickford,Consumer,33,7,1989.05,438.80119999999994,41,2014-09-30,2017-11-27,284.15,22.06,4,3,3,433,10,Loyal Customers
DB-13660,Duane Benoit,Consumer,12,7,1155.202,177.67350000000002,33,2014-06-17,2017-12-18,165.03,15.38,5,3,2,532,10,Hibernating
DC-12850,Dan Campbell,Consumer,37,9,3336.168,-1441.6312999999998,64,2014-07-05,2017-11-23,370.69,-43.21,4,5,4,454,13,Champions
DC-13285,Debra Catini,Consumer,23,5,1174.618,132.06820000000002,37,2014-12-29,2017-12-07,234.92,11.24,5,2,2,522,9,Potential Loyalists
DD-13570,Dorothy Dickinson,Consumer,41,6,269.542,36.4344,33,2014-03-31,2017-11-19,44.92,13.52,4,3,1,431,8,Hibernating
DE-13255,Deanra Eno,Home Office,719,5,2550.874,464.47139999999996,38,2014-08-22,2016-01-11,510.17,18.21,1,2,3,123,6,About to Sleep
DF-13135,David Flashing,Consumer,700,3,2390.534,-259.3097,23,2014-10-04,2016-01-30,796.84,-10.85,1,1,3,113,5,About to Sleep
DG-13300,Deirdre Greer,Corporate,32,5,3195.818,562.7761,39,2014-11-01,2017-11-28,639.16,17.61,4,2,4,424,10,Potential Loyalists
DH-13075,Dave Hallsten,Corporate,277,6,4932.872,1193.7404,81,2014-11-21,2017-03-28,822.15,24.2,1,3,5,135,9,At Risk
DH-13675,Duane Huffman,Home Office,776,4,1043.096,116.667,41,2014-08-12,2015-11-15,260.77,11.18,1,1,2,112,4,Lost Customers
DJ-13420,Denny Joy,Corporate,637,4,2012.52,483.03499999999997,20,2014-12-08,2016-04-02,503.13,24.0,1,1,3,113,5,About to Sleep
DJ-13510,Don Jones,Corporate,48,8,2501.6879999999996,345.2521,52,2014-08-17,2017-11-12,312.71,13.8,4,4,3,443,11,Loyal Customers
DJ-13630,Doug Jacobs,Consumer,12,3,3356.398,731.5644,43,2015-12-14,2017-12-18,1118.8,21.8,5,1,4,514,10,Potential Loyalists
DK-12835,Damala Kotsonis,Corporate,21,12,3256.48,881.1228000000001,86,2014-03-26,2017-12-09,271.37,27.06,5,5,4,554,14,Champions
DK-12895,Dana Kaydos,Consumer,45,5,4282.176,937.6496,65,2015-03-08,2017-11-15,856.44,21.9,4,2,4,424,10,Potential Loyalists
DK-12985,Darren Koutras,Consumer,7,5,1687.04,-107.35379999999998,32,2014-11-24,2017-12-23,337.41,-6.36,5,2,2,522,9,Potential Loyalists
DK-13090,Dave Kipp,Consumer,42,7,2650.557,536.3935,33,2015-03-02,2017-11-18,378.65,20.24,4,3,3,433,10,Loyal Customers
DK-13150,David Kendrick,Corporate,10,2,797.832,249.9447,20,2014-12-05,2017-12-20,398.92,31.33,5,1,1,511,7,New Customers
DK-13225,Dean Katz,Corporate,10,9,4802.394,209.89940000000004,70,2014-03-14,2017-12-20,533.6,4.37,5,5,5,555,15,Champions
DK-13375,Dennis Kane,Consumer,19,8,3318.486,377.0799,77,2014-09-07,2017-12-11,414.81,11.36,5,4,4,544,13,Champions
DL-12865,Dan Lawera,Consumer,100,8,1503.112,322.2449,51,2014-06-29,2017-09-21,187.89,21.44,3,4,2,342,9,Hibernating
DL-12925,Daniel Lacy,Consumer,57,6,3272.2,4.213200000000029,43,2014-09-09,2017-11-03,545.37,0.13,3,3,4,334,10,Loyal Customers
DL-13315,Delfina Latchford,Consumer,22,8,1458.258,288.8732,74,2014-01-16,2017-12-08,182.28,19.81,5,4,2,542,11,Hibernating
DL-13330,Denise Leinenbach,Consumer,57,4,585.02,222.6812,32,2014-06-23,2017-11-03,146.26,38.06,3,1,1,311,5,Need Attention
DL-13495,Dionis Lloyd,Corporate,76,8,3539.322,-52.78799999999997,33,2015-12-25,2017-10-15,442.42,-1.49,3,4,4,344,11,Loyal Customers
DM-12955,Dario Medina,Corporate,114,7,1322.034,108.7583,28,2014-09-30,2017-09-07,188.86,8.23,2,3,2,232,7,Hibernating
DM-13015,Darrin Martin,Consumer,57,7,6345.103,1677.3931,87,2014-09-14,2017-11-03,906.44,26.44,3,3,5,335,11,Loyal Customers
DM-13345,Denise Monton,Corporate,22,8,4074.4719999999998,1319.0586,41,2014-11-03,2017-12-08,509.31,32.37,5,4,4,544,13,Champions
DM-13525,Don Miller,Corporate,481,3,1376.792,199.7688,33,2014-07-05,2016-09-05,458.93,14.51,1,1,2,112,4,Lost Customers
DN-13690,Duane Noonan,Consumer,217,7,2139.79,540.5405000000001,41,2014-09-20,2017-05-27,305.68,25.26,2,3,3,233,8,At Risk
DO-13435,Denny Ordway,Consumer,133,9,1300.0315,-38.90860000000001,48,2014-10-03,2017-08-19,144.45,-2.99,2,5,2,252,9,Hibernating
DO-13645,Doug O'Connell,Consumer,26,7,1267.316,294.0676,36,2015-11-07,2017-12-04,181.05,23.2,5,3,2,532,10,Hibernating
DP-13000,Darren Powers,Consumer,126,9,1050.636,241.4524,58,2014-01-03,2017-08-26,116.74,22.98,2,5,2,252,9,Hibernating
DP-13105,Dave Poirier,Corporate,6,8,2215.002,563.1761,63,2015-08-22,2017-12-24,276.88,25.43,5,4,3,543,12,Loyal Customers
DP-13165,David Philippe,Consumer,812,2,1058.616,-40.93759999999999,20,2014-12-02,2015-10-10,529.31,-3.87,1,1,2,112,4,Lost Customers
DP-13390,Dennis Pardue,Home Office,358,9,5480.723999999999,1571.8318,50,2014-07-05,2017-01-06,608.97,28.68,1,5,5,155,11,At Risk
DR-12880,Dan Reichenbach,Corporate,3,9,6528.034000000001,1641.8613,103,2015-09-25,2017-12-27,725.34,25.15,5,5,5,555,15,Champions
DR-12940,Daniel Raglin,Home Office,50,8,8350.868,2869.0759999999996,57,2014-03-28,2017-11-10,1043.86,34.36,4,4,5,445,13,Champions
DS-13030,Darrin Sayre,Home Office,93,4,1762.213,193.3319,54,2014-07-09,2017-09-28,440.55,10.97,3,1,3,313,7,Hibernating
DS-13180,David Smith,Corporate,23,9,2881.8128,163.6993,68,2014-04-28,2017-12-07,320.2,5.68,5,5,4,554,14,Champions
DV-13045,Darrin Van Huff,Corporate,19,5,1119.483,-427.184,28,2016-06-12,2017-12-11,223.9,-38.16,5,2,2,522,9,Potential Loyalists
DV-13465,Dianna Vittorini,Consumer,29,6,3341.587,353.2127,62,2014-06-22,2017-12-01,556.93,10.57,4,3,4,434,11,Loyal Customers
DW-13195,David Wiener,Corporate,69,6,1080.751,-86.87379999999999,39,2014-01-18,2017-10-22,180.13,-8.04,3,3,2,332,8,Hibernating
DW-13480,Dianna Wilson,Home Office,217,5,5271.628,1348.7556,38,2014-06-01,2017-05-27,1054.33,25.59,2,2,5,225,9,About to Sleep
DW-13540,Don Weiss,Consumer,98,5,344.08,69.6672,21,2016-02-27,2017-09-23,68.82,20.25,3,2,1,321,6,Need Attention
DW-13585,Dorothy Wardle,Corporate,242,7,1204.854,-266.8966,44,2014-08-24,2017-05-02,172.12,-22.15,1,3,2,132,6,Hibernating
Dl-13600,Dorris liebe,Corporate,119,5,755.602,175.2388,19,2014-03-30,2017-09-02,151.12,23.19,2,2,1,221,5,Lost Customers
Dp-13240,Dean percer,Home Office,84,11,7198.7609999999995,333.36479999999995,99,2014-05-26,2017-10-07,654.43,4.63,3,5,5,355,13,Loyal Customers
EA-14035,Erin Ashbrook,Corporate,152,13,2846.705,-52.74059999999998,87,2014-09-13,2017-07-31,218.98,-1.85,2,5,4,254,11,At Risk
EB-13705,Ed Braxton,Corporate,48,9,3644.978,13.621500000000005,55,2014-07-08,2017-11-12,405.0,0.37,4,5,4,454,13,Champions
EB-13750,Edward Becker,Corporate,35,10,3236.314,-80.28599999999999,91,2015-03-12,2017-11-25,323.63,-2.48,4,5,4,454,13,Champions
EB-13840,Ellis Ballard,Corporate,90,5,4358.128,656.1988,41,2014-05-30,2017-10-01,871.63,15.06,3,2,5,325,10,Hibernating
EB-13870,Emily Burns,Consumer,100,10,2767.219,261.5315,41,2014-05-05,2017-09-21,276.72,9.45,3,5,4,354,12,Loyal Customers
EB-13930,Eric Barreto,Consumer,161,5,944.6000000000001,0.6042000000000058,24,2014-02-02,2017-07-22,188.92,0.06,2,2,1,221,5,Lost Customers
EB-13975,Erica Bern,Corporate,0,4,1643.255,162.8781,18,2016-01-04,2017-12-30,410.81,9.91,5,1,2,512,8,Potential Loyalists
EB-14110,Eugene Barchas,Consumer,113,6,3071.126,184.7656,30,2015-04-13,2017-09-08,511.85,6.02,2,3,4,234,9,At Risk
EB-14170,Evan Bailliet,Consumer,82,6,1186.326,282.1701,20,2014-09-29,2017-10-09,197.72,23.79,3,3,2,332,8,Hibernating
EC-14050,Erin Creighton,Consumer,53,5,461.914,96.4256,37,2014-12-17,2017-11-07,92.38,20.88,4,2,1,421,7,Need Attention
ED-13885,Emily Ducich,Home Office,135,8,3484.92,670.4435000000001,54,2014-08-09,2017-08-17,435.62,19.24,2,4,4,244,10,At Risk
EG-13900,Emily Grady,Consumer,22,5,1832.02,104.2656,44,2015-11-02,2017-12-08,366.4,5.69,5,2,3,523,10,Potential Loyalists
EH-13765,Edward Hooks,Corporate,135,12,10310.880000000001,1393.5154,120,2014-04-12,2017-08-17,859.24,13.51,2,5,5,255,12,At Risk
EH-13945,Eric Hoffmann,Consumer,217,8,684.1709999999999,53.53980000000001,72,2014-07-02,2017-05-27,85.52,7.83,2,4,1,241,7,Hibernating
EH-13990,Erica Hackney,Consumer,405,6,825.9499999999999,150.3759,20,2014-01-15,2016-11-20,137.66,18.21,1,3,1,131,5,Hibernating
EH-14005,Erica Hernandez,Home Office,2,7,1219.53,-94.14079999999997,50,2014-05-13,2017-12-28,174.22,-7.72,5,3,2,532,10,Hibernating
EH-14125,Eugene Hildebrand,Home Office,152,10,3082.653,96.27019999999999,76,2014-10-19,2017-07-31,308.27,3.12,2,5,4,254,11,At Risk
EH-14185,Evan Henry,Consumer,105,6,923.884,242.1107,22,2014-05-22,2017-09-16,153.98,26.21,2,3,1,231,6,Hibernating
EJ-13720,Ed Jacobs,Consumer,302,4,2162.174,387.0176,31,2014-01-27,2017-03-03,540.54,17.9,1,1,3,113,5,About to Sleep
EJ-14155,Eva Jacobs,Consumer,57,5,2656.691,451.87550000000005,31,2014-03-03,2017-11-03,531.34,17.01,3,2,3,323,8,Hibernating
EK-13795,Eileen Kiefer,Home Office,44,4,1303.478,97.10659999999999,18,2014-03-18,2017-11-16,325.87,7.45,4,1,2,412,7,Potential Loyalists
EL-13735,Ed Ludwig,Home Office,77,2,124.28,27.1154,9,2016-04-22,2017-10-14,62.14,21.82,3,1,1,311,5,Need Attention
EM-13810,Eleni McCrary,Corporate,132,5,2567.0099999999998,-133.8275,23,2015-06-07,2017-08-20,513.4,-5.21,2,2,3,223,7,About to Sleep
EM-13825,Elizabeth Moffitt,Corporate,55,8,2339.598,682.5541999999999,57,2014-12-02,2017-11-05,292.45,29.17,3,4,3,343,10,Loyal Customers
EM-13960,Eric Murdock,Consumer,151,5,933.704,102.29599999999999,18,2015-10-01,2017-08-01,186.74,10.96,2,2,1,221,5,Lost Customers
EM-14065,Erin Mull,Consumer,47,4,228.99,40.15459999999999,22,2014-07-22,2017-11-13,57.25,17.54,4,1,1,411,6,New Customers
EM-14095,Eudokia Martin,Corporate,113,4,1041.0420000000001,240.2362,34,2015-08-07,2017-09-08,260.26,23.08,2,1,2,212,5,Lost Customers
EM-14140,Eugene Moren,Home Office,48,6,4588.436000000001,1319.3655,74,2014-07-19,2017-11-12,764.74,28.75,4,3,5,435,12,Loyal Customers
EM-14200,Evan Minnotte,Home Office,158,3,366.822,21.7721,13,2015-12-20,2017-07-25,122.27,5.94,2,1,1,211,4,Lost Customers
EN-13780,Edward Nazzal,Consumer,287,4,2199.366,496.1131,27,2015-05-30,2017-03-18,549.84,22.56,1,1,3,113,5,About to Sleep
EP-13915,Emily Phan,Consumer,12,17,5478.0608,144.9578,124,2014-07-06,2017-12-18,322.24,2.65,5,5,5,555,15,Champions
ER-13855,Elpida Rittenbach,Corporate,421,3,1245.788,-295.7398,27,2015-12-21,2016-11-04,415.26,-23.74,1,1,2,112,4,Lost Customers
ES-14020,Erica Smith,Consumer,40,5,3510.4579999999996,1003.2935,31,2014-09-20,2017-11-20,702.09,28.58,4,2,4,424,10,Potential Loyalists
ES-14080,Erin Smith,Corporate,28,9,4657.924,246.6661,77,2014-10-02,2017-12-02,517.55,5.3,4,5,5,455,14,Champions
FA-14230,Frank Atkinson,Corporate,97,7,2984.054,520.5229,58,2014-09-19,2017-09-24,426.29,17.44,3,3,4,334,10,Loyal Customers
FC-14245,Frank Carlisle,Home Office,70,7,3418.742,1217.1662000000001,50,2015-06-13,2017-10-21,488.39,35.6,3,3,4,334,10,Loyal Customers
FC-14335,Fred Chung,Corporate,184,7,3889.366,714.2926,37,2014-10-10,2017-06-29,555.62,18.37,2,3,4,234,9,At Risk
FG-14260,Frank Gastineau,Home Office,34,7,1383.144,394.73969999999997,48,2014-05-21,2017-11-26,197.59,28.54,4,3,2,432,9,Hibernating
FH-14275,Frank Hawley,Corporate,37,10,4256.272,1073.2676,65,2014-04-06,2017-11-23,425.63,25.22,4,5,4,454,13,Champions
FH-14350,Fred Harton,Consumer,212,4,2271.284,706.289,52,2015-08-23,2017-06-01,567.82,31.1,2,1,3,213,6,About to Sleep
FH-14365,Fred Hopkins,Corporate,5,8,6987.196,2050.2826,52,2014-10-20,2017-12-25,873.4,29.34,5,4,5,545,14,Champions
FM-14215,Filia McAdams,Corporate,7,10,2456.638,249.6808,48,2014-03-11,2017-12-23,245.66,10.16,5,5,3,553,13,Loyal Customers
FM-14290,Frank Merwin,Home Office,36,9,3736.198,198.10949999999997,79,2014-08-26,2017-11-24,415.13,5.3,4,5,4,454,13,Champions
FM-14380,Fred McMath,Consumer,145,9,2523.266,191.4898,53,2015-07-12,2017-08-07,280.36,7.59,2,5,3,253,10,At Risk
FO-14305,Frank Olsen,Consumer,38,10,2678.438,215.59689999999998,60,2014-06-09,2017-11-22,267.84,8.05,4,5,3,453,12,Loyal Customers
FP-14320,Frank Preis,Consumer,23,8,4046.746,406.44730000000004,54,2014-12-07,2017-12-07,505.84,10.04,5,4,4,544,13,Champions
FW-14395,Fred Wasserman,Corporate,362,3,79.75,23.491300000000003,9,2015-03-22,2017-01-02,26.58,29.46,1,1,1,111,3,Lost Customers
GA-14515,George Ashbrook,Consumer,149,8,3919.7760000000003,840.899,48,2014-05-18,2017-08-03,489.97,21.45,2,4,4,244,10,At Risk
GA-14725,Guy Armstrong,Consumer,5,11,1398.382,136.70790000000002,79,2014-02-11,2017-12-25,127.13,9.78,5,5,2,552,12,Hibernating
GB-14530,George Bell,Corporate,62,11,1568.44,7.837100000000003,62,2014-04-28,2017-10-29,142.59,0.5,3,5,2,352,10,Hibernating
GB-14575,Giulietta Baptist,Consumer,13,5,4716.288,1135.8393,63,2015-06-12,2017-12-17,943.26,24.08,5,2,5,525,12,Potential Loyalists
GD-14590,Giulietta Dortch,Corporate,5,4,1888.07,230.93729999999996,25,2014-05-05,2017-12-25,472.02,12.23,5,1,3,513,9,Potential Loyalists
GG-14650,Greg Guthrie,Corporate,43,9,2224.0,12.698500000000008,92,2014-10-31,2017-11-17,247.11,0.57,4,5,3,453,12,Loyal Customers
GH-14410,Gary Hansen,Home Office,75,9,2819.4669999999996,-576.8335,65,2014-07-09,2017-10-16,313.27,-20.46,3,5,4,354,12,Loyal Customers
GH-14425,Gary Hwang,Consumer,50,4,4172.8460000000005,1176.4181,51,2014-06-17,2017-11-10,1043.21,28.19,4,1,4,414,9,Potential Loyalists
GH-14485,Gene Hale,Corporate,387,2,1361.2440000000001,-95.4498,15,2015-10-08,2016-12-08,680.62,-7.01,1,1,2,112,4,Lost Customers
GH-14665,Greg Hansen,Consumer,2,2,146.94080000000002,-5.810200000000001,9,2015-11-17,2017-12-28,73.47,-3.95,5,1,1,511,7,New Customers
GK-14620,Grace Kelly,Corporate,112,9,6497.27,1448.5525,66,2014-06-25,2017-09-09,721.92,22.29,2,5,5,255,12,At Risk
GM-14440,Gary McGarr,Consumer,83,7,3582.8199999999997,347.266,43,2014-03-21,2017-10-08,511.83,9.69,3,3,4,334,10,Loyal Customers
GM-14455,Gary Mitchum,Home Office,16,6,3078.624,793.2814000000001,54,2014-04-11,2017-12-14,513.1,25.77,5,3,4,534,12,Loyal Customers
GM-14500,Gene McClure,Consumer,106,10,1255.682,441.3185,53,2014-08-09,2017-09-15,125.57,35.15,2,5,2,252,9,Hibernating
GM-14680,Greg Matthias,Consumer,152,6,3163.628,35.48649999999999,31,2014-05-10,2017-07-31,527.27,1.12,2,3,4,234,9,At Risk
GM-14695,Greg Maxwell,Corporate,117,3,6049.966,188.7235,44,2014-04-05,2017-09-04,2016.66,3.12,2,1,5,215,8,About to Sleep
GP-14740,Guy Phonely,Corporate,765,2,236.53,31.837600000000002,21,2014-04-06,2015-11-26,118.26,13.46,1,1,1,111,3,Lost Customers
GR-14560,Georgia Rosenberg,Corporate,1135,2,1284.38,359.83320000000003,23,2014-11-19,2014-11-21,642.19,28.02,1,1,2,112,4,Lost Customers
GT-14635,Grant Thornton,Corporate,56,3,9351.212,-4108.6589,26,2014-06-06,2017-11-04,3117.07,-43.94,3,1,5,315,9,Hibernating
GT-14710,Greg Tran,Consumer,36,11,11820.119999999999,2163.4269,106,2014-05-23,2017-11-24,1074.56,18.3,4,5,5,455,14,Champions
GT-14755,Guy Thornton,Consumer,34,4,226.436,-6.139200000000002,23,2015-02-18,2017-11-26,56.61,-2.71,4,1,1,411,6,New Customers
GW-14605,Giulietta Weimer,Consumer,28,7,2189.019,-268.54229999999995,43,2014-03-01,2017-12-02,312.72,-12.27,4,3,3,433,10,Loyal Customers
GZ-14470,Gary Zandusky,Consumer,7,9,4355.150000000001,1087.7539,48,2014-08-05,2017-12-23,483.91,24.98,5,5,5,555,15,Champions
GZ-14545,George Zrebassa,Corporate,157,4,2454.6220000000003,828.661,25,2014-09-28,2017-07-26,613.66,33.76,2,1,3,213,6,About to Sleep
HA-14905,Helen Abelman,Consumer,69,7,2163.3,270.8574,45,2014-06-30,2017-10-22,309.04,12.52,3,3,3,333,9,Loyal Customers
HA-14920,Helen Andreada,Consumer,20,8,2584.158,99.1445,72,2014-10-11,2017-12-10,323.02,3.84,5,4,3,543,12,Loyal Customers
HD-14785,Harold Dahlen,Home Office,769,3,251.36,-135.87599999999998,31,2014-05-11,2015-11-22,83.79,-54.06,1,1,1,111,3,Lost Customers
HE-14800,Harold Engle,Corporate,12,4,883.5319999999999,274.4028,44,2016-01-30,2017-12-18,220.88,31.06,5,1,1,511,7,New Customers
HF-14995,Herbert Flentye,Consumer,21,7,2533.1639999999998,-13.876799999999989,70,2014-05-26,2017-12-09,361.88,-0.55,5,4,3,543,12,Loyal Customers
HG-14845,Harry Greene,Consumer,54,5,785.628,147.0032,31,2014-04-29,2017-11-06,157.13,18.71,3,2,1,321,6,Need Attention
HG-14965,Henry Goldwyn,Corporate,23,12,3247.642,-2797.9635000000003,68,2014-09-20,2017-12-07,270.64,-86.15,5,5,4,554,14,Champions
HG-15025,Hunter Glantz,Consumer,6,7,3690.284,804.6113,38,2014-10-14,2017-12-24,527.18,21.8,5,4,4,544,13,Champions
HH-15010,Hilary Holden,Corporate,72,2,218.668,86.7342,20,2014-08-29,2017-10-19,109.33,39.66,3,1,1,311,5,Need Attention
HJ-14875,Heather Jas,Home Office,126,5,358.1,98.6548,21,2015-04-13,2017-08-26,71.62,27.55,2,2,1,221,5,Lost Customers
HK-14890,Heather Kirkland,Corporate,151,8,4877.784,956.9451,64,2014-06-10,2017-08-01,609.72,19.62,2,4,5,245,11,At Risk
HL-15040,Hunter Lopez,Consumer,43,6,12873.297999999999,5622.4292000000005,50,2014-01-20,2017-11-17,2145.55,43.68,4,3,5,435,12,Loyal Customers
HM-14860,Harry Marie,Corporate,2,10,8236.7648,2437.9836,76,2014-07-21,2017-12-28,823.68,29.6,5,5,5,555,15,Champions
HM-14980,Henry MacAllister,Consumer,247,4,736.276,117.2755,29,2015-10-02,2017-04-27,184.07,15.93,1,1,1,111,3,Lost Customers
HP-14815,Harold Pawlan,Home Office,30,7,1990.314,373.8637,44,2014-05-06,2017-11-30,284.33,18.78,4,4,3,443,11,Loyal Customers
HR-14770,Hallie Redmond,Home Office,13,5,1299.288,185.5794,38,2014-03-01,2017-12-17,259.86,14.28,5,2,2,522,9,Potential Loyalists
HR-14830,Harold Ryan,Corporate,159,7,5248.787,1196.9504,51,2014-11-24,2017-07-24,749.83,22.8,2,4,5,245,11,At Risk
HW-14935,Helen Wasserman,Corporate,117,8,9300.254,2164.1611,85,2015-09-27,2017-09-04,1162.53,23.27,2,4,5,245,11,At Risk
HZ-14950,Henia Zydlo,Consumer,35,5,886.52,-130.3879,21,2016-03-14,2017-11-25,177.3,-14.71,4,2,1,421,7,Need Attention
IG-15085,Ivan Gibson,Consumer,71,4,744.574,320.4982,19,2014-10-18,2017-10-20,186.14,43.04,3,1,1,311,5,Need Attention
IL-15100,Ivan Liston,Consumer,142,7,5040.736,1121.937,60,2014-08-01,2017-08-10,720.11,22.26,2,4,5,245,11,At Risk
IM-15055,Ionia McGrath,Consumer,409,3,2872.63,975.7701,19,2014-01-23,2016-11-16,957.54,33.97,1,1,4,114,6,About to Sleep
IM-15070,Irene Maddox,Consumer,390,7,4930.474,514.6527,93,2014-12-19,2016-12-05,704.35,10.44,1,4,5,145,10,At Risk
JA-15970,Joseph Airdo,Consumer,92,8,6491.026,-819.4217000000001,87,2014-09-17,2017-09-29,811.38,-12.62,3,4,5,345,12,Loyal Customers
JB-15400,Jennifer Braxton,Corporate,7,10,1791.605,156.05319999999998,43,2014-09-14,2017-12-23,179.16,8.71,5,5,3,553,13,Loyal Customers
JB-15925,Joni Blumstein,Consumer,737,3,900.552,-286.9808,32,2014-12-05,2015-12-24,300.18,-31.87,1,1,1,111,3,Lost Customers
JB-16000,Joy Bell-,Consumer,43,7,644.1188,126.76490000000001,32,2016-01-10,2017-11-17,92.02,19.68,4,4,1,441,9,Hibernating
JB-16045,Julia Barnett,Home Office,7,5,2518.115,201.51850000000002,32,2015-05-03,2017-12-23,503.62,8.0,5,2,3,523,10,Potential Loyalists
JC-15340,Jasper Cacioppo,Consumer,114,4,71.263,-0.35560000000000036,12,2014-01-28,2017-09-07,17.82,-0.5,2,1,1,211,4,Lost Customers
JC-15385,Jenna Caffey,Consumer,175,1,1058.108,502.92440000000005,14,2017-07-08,2017-07-08,1058.11,47.53,2,1,2,212,5,Lost Customers
JC-15775,John Castell,Consumer,158,9,2772.055,279.56919999999997,64,2014-09-14,2017-07-25,308.01,10.09,2,5,4,254,11,At Risk
JC-16105,Julie Creighton,Corporate,57,5,858.576,201.5952,43,2014-11-18,2017-11-03,171.72,23.48,3,2,1,321,6,Need Attention
JD-15790,John Dryer,Consumer,117,5,2152.352,-266.55249999999995,26,2015-04-02,2017-09-04,430.47,-12.38,2,2,3,223,7,About to Sleep
JD-15895,Jonathan Doherty,Corporate,394,11,7610.8640000000005,1050.2667999999999,150,2014-03-26,2016-12-01,691.9,13.8,1,5,5,155,11,At Risk
JD-16015,Joy Daniels,Consumer,112,6,385.43,26.7605,39,2014-10-04,2017-09-09,64.24,6.94,2,3,1,231,6,Hibernating
JD-16060,Julia Dunbar,Consumer,300,3,695.442,111.11410000000001,17,2014-09-24,2017-03-05,231.81,15.98,1,1,1,111,3,Lost Customers
JD-16150,Justin Deggeller,Corporate,41,8,8828.0305,1619.5199,60,2014-11-16,2017-11-19,1103.5,18.35,4,4,5,445,13,Champions
JE-15475,Jeremy Ellison,Consumer,193,6,1388.682,276.2197,49,2015-03-16,2017-06-20,231.45,19.89,2,3,2,232,7,Hibernating
JE-15610,Jim Epp,Corporate,48,7,7754.976,1623.4019,74,2014-10-14,2017-11-12,1107.85,20.93,4,4,5,445,13,Champions
JE-15715,Joe Elijah,Consumer,46,10,8697.842999999999,1262.2926,97,2014-08-25,2017-11-14,869.78,14.51,4,5,5,455,14,Champions
JE-15745,Joel Eaton,Consumer,51,13,6760.8150000000005,221.79670000000002,90,2014-06-22,2017-11-09,520.06,3.28,4,5,5,455,14,Champions
JE-16165,Justin Ellison,Corporate,20,3,2697.248,789.6476,34,2016-12-05,2017-12-10,899.08,29.28,5,1,3,513,9,Potential Loyalists
JF-15190,Jamie Frazer,Consumer,65,7,2279.5860000000002,575.1259,72,2014-11-15,2017-10-26,325.66,25.23,3,4,3,343,10,Loyal Customers
JF-15295,Jason Fortune-,Consumer,225,5,955.124,97.28899999999999,42,2014-03-14,2017-05-19,191.02,10.19,1,2,1,121,4,Lost Customers
JF-15355,Jay Fein,Consumer,105,6,1911.844,330.199,58,2015-10-23,2017-09-16,318.64,17.27,2,3,3,233,8,At Risk
JF-15415,Jennifer Ferguson,Consumer,2,6,2371.448,635.6376,69,2014-06-17,2017-12-28,395.24,26.8,5,3,3,533,11,Loyal Customers
JF-15490,Jeremy Farry,Consumer,121,11,1082.918,-18.06730000000001,36,2014-10-19,2017-08-31,98.45,-1.67,2,5,2,252,9,Hibernating
JF-15565,Jill Fjeld,Consumer,54,8,4198.332,1073.2088,67,2014-10-11,2017-11-06,524.79,25.56,3,4,4,344,11,Loyal Customers
JG-15115,Jack Garza,Consumer,758,3,2358.676,684.1911,20,2014-09-21,2015-12-03,786.23,29.01,1,1,3,113,5,About to Sleep
JG-15160,James Galang,Consumer,1,11,6366.392,1415.6664,70,2014-05-30,2017-12-29,578.76,22.24,5,5,5,555,15,Champions
JG-15310,Jason Gross,Corporate,2,6,2240.58,3.7976000000000063,46,2016-03-03,2017-12-28,373.43,0.17,5,3,3,533,11,Loyal Customers
JG-15805,John Grady,Corporate,223,6,1507.018,206.1019,46,2014-04-05,2017-05-21,251.17,13.68,2,3,2,232,7,Hibernating
JH-15430,Jennifer Halladay,Consumer,5,4,309.281,-24.077100000000005,29,2014-02-24,2017-12-25,77.32,-7.78,5,1,1,511,7,New Customers
JH-15820,John Huston,Consumer,174,6,528.91,26.082199999999997,29,2014-05-19,2017-07-09,88.15,4.93,2,3,1,231,6,Hibernating
JH-15910,Jonathan Howell,Consumer,41,7,959.477,-13.554499999999996,35,2015-06-12,2017-11-19,137.07,-1.41,4,4,1,441,9,Hibernating
JH-15985,Joseph Holt,Consumer,29,6,7954.9980000000005,-644.6982,64,2014-08-09,2017-12-01,1325.83,-8.1,4,3,5,435,12,Loyal Customers
JH-16180,Justin Hirsh,Consumer,404,4,2256.3940000000002,-96.95300000000002,28,2015-05-25,2016-11-21,564.1,-4.3,1,1,3,113,5,About to Sleep
JJ-15445,Jennifer Jackson,Consumer,483,5,709.178,200.5558,25,2015-03-05,2016-09-03,141.84,28.28,1,2,1,121,4,Lost Customers
JJ-15760,Joel Jenkins,Home Office,753,2,195.0,34.449200000000005,11,2015-10-05,2015-12-08,97.5,17.67,1,1,1,111,3,Lost Customers
JK-15205,Jamie Kunitz,Consumer,61,5,4427.142,1219.983,67,2014-07-11,2017-10-30,885.43,27.56,3,2,5,325,10,Hibernating
JK-15325,Jason Klamczynski,Corporate,287,3,383.812,55.32769999999999,15,2014-11-21,2017-03-18,127.94,14.42,1,1,1,111,3,Lost Customers
JK-15370,Jay Kimmel,Consumer,44,8,2709.632,330.2838,72,2014-04-11,2017-11-16,338.7,12.19,4,4,3,443,11,Loyal Customers
JK-15625,Jim Karlsson,Consumer,61,7,3760.028,750.9485,44,2014-05-31,2017-10-30,537.15,19.97,3,4,4,344,11,Loyal Customers
JK-15640,Jim Kriz,Home Office,180,9,4760.434,1172.5303,41,2014-09-19,2017-07-03,528.94,24.63,2,5,5,255,12,At Risk
JK-15730,Joe Kamberova,Consumer,84,10,4867.2,55.0483,88,2014-11-18,2017-10-07,486.72,1.13,3,5,5,355,13,Loyal Customers
JK-16090,Juliana Krohn,Consumer,28,3,3747.668,586.6625,43,2015-04-21,2017-12-02,1249.22,15.65,4,1,4,414,9,Potential Loyalists
JK-16120,Julie Kriz,Home Office,117,10,2932.484,122.6566,49,2014-11-02,2017-09-04,293.25,4.18,2,5,4,254,11,At Risk
JL-15130,Jack Lebron,Consumer,8,6,1214.956,-207.79559999999998,42,2014-07-18,2017-12-22,202.49,-17.1,5,3,2,532,10,Hibernating
JL-15175,James Lanier,Home Office,6,5,1571.523,209.2817,29,2014-12-31,2017-12-24,314.3,13.32,5,2,2,522,9,Potential Loyalists
JL-15235,Janet Lee,Consumer,119,5,2203.7,54.51740000000002,39,2014-05-25,2017-09-02,440.74,2.47,2,2,3,223,7,About to Sleep
JL-15505,Jeremy Lonsdale,Consumer,49,6,3173.874,591.7163,56,2014-11-14,2017-11-11,528.98,18.64,4,3,4,434,11,Loyal Customers
JL-15835,John Lee,Consumer,21,11,9799.923,228.907,143,2014-04-18,2017-12-09,890.9,2.34,5,5,5,555,15,Champions
JL-15850,John Lucas,Consumer,614,6,2725.256,779.9046,38,2014-07-22,2016-04-25,454.21,28.62,1,3,3,133,7,At Risk
JM-15250,Janet Martin,Consumer,37,6,3159.1220000000003,19.82350000000004,91,2016-03-29,2017-11-23,526.52,0.63,4,3,4,434,11,Loyal Customers
JM-15265,Janet Molinari,Corporate,37,5,1804.146,502.6143,52,2014-08-25,2017-11-23,360.83,27.86,4,2,3,423,9,Potential Loyalists
JM-15535,Jessica Myrick,Consumer,102,7,1733.443,356.5395,46,2014-09-13,2017-09-19,247.63,20.57,3,4,2,342,9,Hibernating
JM-15580,Jill Matthias,Consumer,0,5,303.948,113.1204,26,2016-04-14,2017-12-30,60.79,37.22,5,2,1,521,8,Need Attention
JM-15655,Jim Mitchum,Corporate,8,5,864.947,117.20400000000001,41,2014-04-08,2017-12-22,172.99,13.55,5,2,1,521,8,Need Attention
JM-15865,John Murray,Consumer,109,7,7625.076000000001,1574.6163999999999,50,2014-11-19,2017-09-12,1089.3,20.65,2,4,5,245,11,At Risk
JM-16195,Justin MacKendrick,Consumer,57,10,2833.9260000000004,754.1144,74,2014-04-30,2017-11-03,283.39,26.61,3,5,4,354,12,Loyal Customers
JO-15145,Jack O'Briant,Corporate,57,9,3254.949,581.4045,59,2014-01-06,2017-11-03,361.66,17.86,3,5,4,354,12,Loyal Customers
JO-15280,Jas O'Carroll,Consumer,92,6,1934.272,202.13619999999997,36,2014-03-31,2017-09-29,322.38,10.45,3,3,3,333,9,Loyal Customers
JO-15550,Jesus Ocampo,Home Office,215,5,1090.838,167.6709,42,2015-03-19,2017-05-29,218.17,15.37,2,2,2,222,6,Lost Customers
JP-15460,Jennifer Patt,Corporate,37,7,1669.135,429.7465,54,2014-08-24,2017-11-23,238.45,25.75,4,4,2,442,10,Hibernating
JP-15520,Jeremy Pistek,Consumer,8,7,3635.594,757.1802,63,2014-08-22,2017-12-22,519.37,20.83,5,4,4,544,13,Champions
JP-16135,Julie Prescott,Home Office,102,9,1707.71,309.7116,47,2014-09-23,2017-09-19,189.75,18.14,3,5,2,352,10,Hibernating
JR-15670,Jim Radford,Consumer,593,2,1156.658,-785.1645,14,2015-12-24,2016-05-16,578.33,-67.88,1,1,2,112,4,Lost Customers
JR-15700,Jocasta Rupert,Consumer,68,1,863.88,107.985,3,2017-10-23,2017-10-23,863.88,12.5,3,1,1,311,5,Need Attention
JR-16210,Justin Ritter,Corporate,33,5,2201.686,452.37300000000005,41,2015-09-18,2017-11-27,440.34,20.55,4,2,3,423,9,Potential Loyalists
JS-15595,Jill Stevenson,Corporate,119,4,1417.654,-175.54899999999998,35,2014-03-03,2017-09-02,354.41,-12.38,2,1,2,212,5,Lost Customers
JS-15685,Jim Sink,Corporate,42,4,1131.0639999999999,-54.8692,42,2016-06-14,2017-11-18,282.77,-4.85,4,1,2,412,7,Potential Loyalists
JS-15880,John Stevenson,Consumer,534,5,3868.02,564.9798000000001,43,2014-04-08,2016-07-14,773.6,14.61,1,2,4,124,7,About to Sleep
JS-15940,Joni Sundaresam,Home Office,463,5,469.169,-327.9336,37,2014-05-03,2016-09-23,93.83,-69.9,1,2,1,121,4,Lost Customers
JS-16030,Joy Smith,Consumer,28,6,2516.494,-311.25749999999994,70,2014-02-27,2017-12-02,419.42,-12.37,4,3,3,433,10,Loyal Customers
JW-15220,Jane Waco,Corporate,42,6,7721.714,2173.7093999999997,66,2015-04-30,2017-11-18,1286.95,28.15,4,3,5,435,12,Loyal Customers
JW-15955,Joni Wasserman,Consumer,5,7,1244.086,-29.575899999999987,41,2015-08-16,2017-12-25,177.73,-2.38,5,4,2,542,11,Hibernating
JW-16075,Julia West,Consumer,461,4,1428.731,154.06369999999998,38,2015-03-21,2016-09-25,357.18,10.78,1,1,2,112,4,Lost Customers
KA-16525,Kelly Andreada,Consumer,36,7,1519.506,234.9194,57,2014-03-11,2017-11-24,217.07,15.46,4,4,2,442,10,Hibernating
KB-16240,Karen Bern,Corporate,4,7,3152.6150000000002,763.9076,34,2014-03-31,2017-12-26,450.37,24.23,5,4,4,544,13,Champions
KB-16315,Karl Braun,Consumer,296,9,1569.464,49.71929999999999,62,2014-08-26,2017-03-09,174.38,3.17,1,5,2,152,8,Hibernating
KB-16405,Katrina Bavinger,Home Office,117,3,908.821,274.297,25,2015-11-20,2017-09-04,302.94,30.18,2,1,1,211,4,Lost Customers
KB-16585,Ken Black,Corporate,230,12,2744.742,579.3551,102,2014-04-04,2017-05-14,228.73,21.11,1,5,3,153,9,At Risk
KB-16600,Ken Brennan,Corporate,1,7,983.922,293.55240000000003,29,2014-12-30,2017-12-29,140.56,29.83,5,4,2,542,11,Hibernating
KC-16255,Karen Carlisle,Corporate,407,6,2120.954,846.1217,40,2014-09-08,2016-11-18,353.49,39.89,1,3,3,133,7,At Risk
KC-16540,Kelly Collister,Consumer,97,4,3908.262,709.4219,28,2015-11-02,2017-09-24,977.07,18.15,3,1,4,314,8,Hibernating
KC-16675,Kimberly Carter,Corporate,57,4,1146.05,156.7797,40,2014-12-13,2017-11-03,286.51,13.68,3,1,2,312,6,Need Attention
KD-16270,Karen Daniels,Consumer,484,5,8282.358,1107.6952000000003,64,2014-11-11,2016-09-02,1656.47,13.37,1,2,5,125,8,About to Sleep
KD-16345,Katherine Ducich,Consumer,41,6,1888.964,328.5942,36,2014-09-02,2017-11-19,314.83,17.4,4,3,3,433,10,Loyal Customers
KD-16495,Keith Dawkins,Corporate,112,12,8181.256,3038.6254,84,2014-09-28,2017-09-09,681.77,37.14,2,5,5,255,12,At Risk
KD-16615,Ken Dana,Corporate,289,5,2243.5099999999998,539.7219,56,2015-09-13,2017-03-16,448.7,24.06,1,2,3,123,6,About to Sleep
KE-16420,Katrina Edelman,Corporate,26,8,1686.7312,397.87989999999996,67,2014-04-03,2017-12-04,210.84,23.59,5,4,2,542,11,Hibernating
KF-16285,Karen Ferguson,Home Office,97,7,10604.266,1660.1386,67,2014-09-26,2017-09-24,1514.9,15.66,3,4,5,345,12,Loyal Customers
KH-16330,Katharine Harms,Corporate,40,8,3312.864,454.7871,70,2014-04-01,2017-11-20,414.11,13.73,4,4,4,444,12,Champions
KH-16360,Katherine Hughes,Consumer,1,6,3100.612,528.2051,40,2014-04-29,2017-12-29,516.77,17.04,5,3,4,534,12,Loyal Customers
KH-16510,Keith Herrera,Consumer,22,7,5952.859,656.1162,91,2014-08-15,2017-12-08,850.41,11.02,5,4,5,545,14,Champions
KH-16630,Ken Heidel,Corporate,58,9,3918.9660000000003,727.3786,84,2014-11-01,2017-11-02,435.44,18.56,3,5,4,354,12,Loyal Customers
KH-16690,Kristen Hastings,Corporate,2,7,5990.799,1227.5091,69,2014-03-21,2017-12-28,855.83,20.49,5,4,5,545,14,Champions
KL-16555,Kelly Lampkin,Corporate,16,8,5016.488,-182.78130000000002,84,2014-06-15,2017-12-14,627.06,-3.64,5,4,5,545,14,Champions
KL-16645,Ken Lonsdale,Consumer,47,12,14175.229000000001,806.855,113,2014-07-25,2017-11-13,1181.27,5.69,4,5,5,455,14,Champions
KM-16225,Kalyca Meade,Corporate,14,6,2260.958,635.1057000000001,72,2015-07-06,2017-12-16,376.83,28.09,5,3,3,533,11,Loyal Customers
KM-16375,Katherine Murray,Home Office,56,8,5620.186,973.7901999999999,69,2014-07-20,2017-11-04,702.52,17.33,3,4,5,345,12,Loyal Customers
KM-16660,Khloe Miller,Consumer,15,5,453.538,91.1391,30,2014-12-22,2017-12-15,90.71,20.1,5,2,1,521,8,Need Attention
KM-16720,Kunst Miller,Consumer,28,8,4909.472,745.7685,98,2014-03-30,2017-12-02,613.68,15.19,4,4,5,445,13,Champions
KN-16390,Katherine Nockton,Corporate,19,9,2617.272,-151.1518,56,2014-12-02,2017-12-11,290.81,-5.78,5,5,3,553,13,Loyal Customers
KN-16450,Kean Nguyen,Corporate,52,5,2171.962,114.3083,49,2014-04-12,2017-11-08,434.39,5.26,4,2,3,423,9,Potential Loyalists
KN-16705,Kristina Nunn,Home Office,98,8,2280.58,329.76250000000005,55,2014-03-02,2017-09-23,285.07,14.46,3,4,3,343,10,Loyal Customers
KS-16300,Karen Seio,Corporate,295,3,88.472,0.11099999999999888,10,2015-01-13,2017-03-10,29.49,0.13,1,1,1,111,3,Lost Customers
KT-16465,Kean Takahito,Consumer,391,7,3057.1,254.0032,45,2014-09-08,2016-12-04,436.73,8.31,1,4,4,144,9,At Risk
KT-16480,Kean Thornton,Consumer,100,10,4642.088400000001,194.0671,37,2014-03-10,2017-09-21,464.21,4.18,3,5,5,355,13,Loyal Customers
KW-16435,Katrina Willman,Consumer,96,5,4416.5199999999995,1756.135,42,2015-08-24,2017-09-25,883.3,39.76,3,2,5,325,10,Hibernating
KW-16570,Kelly Williams,Consumer,771,4,449.096,107.92699999999999,22,2014-09-30,2015-11-20,112.27,24.03,1,1,1,111,3,Lost Customers
LA-16780,Laura Armstrong,Corporate,154,11,8673.222,2059.1199,105,2014-04-29,2017-07-29,788.47,23.74,2,5,5,255,12,At Risk
LB-16735,Larry Blacks,Consumer,48,3,50.188,18.6507,12,2016-07-25,2017-11-12,16.73,37.16,4,1,1,411,6,New Customers
LB-16795,Laurel Beltran,Home Office,152,8,4985.676,-52.19099999999998,76,2014-04-23,2017-07-31,623.21,-1.05,2,4,5,245,11,At Risk
LC-16870,Lena Cacioppo,Consumer,27,8,2580.7039999999997,-188.25110000000004,113,2015-05-03,2017-12-03,322.59,-7.29,4,4,3,443,11,Loyal Customers
LC-16885,Lena Creighton,Consumer,16,12,7663.126,1288.3469,93,2014-04-25,2017-12-14,638.59,16.81,5,5,5,555,15,Champions
LC-16930,Linda Cazamias,Corporate,41,8,4492.946,288.26599999999996,52,2014-02-20,2017-11-19,561.62,6.42,4,4,5,445,13,Champions
LC-16960,Lindsay Castell,Home Office,436,4,3246.626,299.48019999999997,30,2015-02-23,2016-10-20,811.66,9.22,1,1,4,114,6,About to Sleep
LC-17050,Liz Carlisle,Consumer,54,5,2095.064,86.77799999999999,43,2014-01-31,2017-11-06,419.01,4.14,3,2,3,323,8,Hibernating
LC-17140,Logan Currie,Consumer,13,9,2633.582,231.12520000000004,62,2014-09-09,2017-12-17,292.62,8.78,5,5,3,553,13,Loyal Customers
LD-16855,Lela Donovan,Corporate,552,1,5.304,0.4641,3,2016-06-26,2016-06-26,5.3,8.75,1,1,1,111,3,Lost Customers
LD-17005,Lisa DeCherney,Consumer,414,4,1961.934,557.1714,25,2014-09-29,2016-11-11,490.48,28.4,1,1,3,113,5,About to Sleep
LE-16810,Laurel Elliston,Consumer,21,6,1469.45,161.76489999999998,32,2014-05-27,2017-12-09,244.91,11.01,5,3,2,532,10,Hibernating
LF-17185,Luke Foster,Consumer,22,7,3930.5089999999996,-3583.977,69,2014-07-26,2017-12-08,561.5,-91.18,5,4,4,544,13,Champions
LH-16750,Larry Hughes,Consumer,151,3,287.426,12.627699999999999,12,2014-09-21,2017-08-01,95.81,4.39,2,1,1,211,4,Lost Customers
LH-16900,Lena Hernandez,Consumer,21,9,2295.332,526.0727,64,2014-08-19,2017-12-09,255.04,22.92,5,5,3,553,13,Loyal Customers
LH-17020,Lisa Hazard,Consumer,239,4,318.239,-242.73989999999998,34,2014-09-08,2017-05-05,79.56,-76.28,1,1,1,111,3,Lost Customers
LH-17155,Logan Haushalter,Consumer,385,9,1739.689,316.5202,44,2014-12-12,2016-12-10,193.3,18.19,1,5,3,153,9,At Risk
LL-16840,Lauren Leatherbury,Consumer,249,6,2741.2039999999997,560.0078,50,2014-04-29,2017-04-25,456.87,20.43,1,3,3,133,7,At Risk
LM-17065,Liz MacKendrick,Consumer,391,5,1346.774,-44.87799999999999,32,2014-06-27,2016-12-04,269.35,-3.33,1,2,2,122,5,Lost Customers
LO-17170,Lori Olson,Corporate,2,5,644.35,150.1712,34,2015-02-06,2017-12-28,128.87,23.31,5,2,1,521,8,Need Attention
LP-17080,Liz Pelletier,Consumer,40,4,756.606,110.7813,39,2014-06-24,2017-11-20,189.15,14.64,4,1,1,411,6,New Customers
LP-17095,Liz Preis,Consumer,9,7,3653.399,338.44539999999995,52,2016-06-06,2017-12-21,521.91,9.26,5,4,4,544,13,Champions
LR-16915,Lena Radford,Consumer,26,6,5142.892,535.4764,64,2014-08-08,2017-12-04,857.15,10.41,5,3,5,535,13,Loyal Customers
LR-17035,Lisa Ryan,Corporate,132,5,1879.306,-382.8079,44,2014-09-07,2017-08-20,375.86,-20.37,2,2,3,223,7,About to Sleep
LS-16945,Linda Southworth,Corporate,178,6,2845.27,-318.77369999999996,51,2015-04-25,2017-07-05,474.21,-11.2,2,3,4,234,9,At Risk
LS-16975,Lindsay Shagiari,Home Office,20,9,2988.674,262.63669999999996,63,2014-10-20,2017-12-10,332.07,8.79,5,5,4,554,14,Champions
LS-17200,Luke Schmidt,Corporate,96,6,1010.2560000000001,244.197,54,2014-10-18,2017-09-25,168.38,24.17,3,3,2,332,8,Hibernating
LS-17230,Lycoris Saunders,Consumer,777,3,368.88000000000005,39.1952,16,2014-01-06,2015-11-14,122.96,10.63,1,1,1,111,3,Lost Customers
LS-17245,Lynn Smith,Consumer,34,6,1008.1360000000001,348.3584,47,2014-10-16,2017-11-26,168.02,34.55,4,3,2,432,9,Hibernating
LT-16765,Larry Tron,Consumer,26,3,329.876,59.036,8,2014-09-01,2017-12-04,109.96,17.9,5,1,1,511,7,New Customers
LT-17110,Liz Thompson,Consumer,34,8,2936.252,320.973,63,2014-06-01,2017-11-26,367.03,10.93,4,4,4,444,12,Champions
LW-16825,Laurel Workman,Corporate,88,5,2238.061,32.5767,50,2014-05-30,2017-10-03,447.61,1.46,3,2,3,323,8,Hibernating
LW-16990,Lindsay Williams,Corporate,33,6,3230.308,662.8339000000001,38,2016-05-05,2017-11-27,538.38,20.52,4,3,4,434,11,Loyal Customers
LW-17125,Liz Willingham,Consumer,205,3,1259.04,192.6312,15,2014-09-11,2017-06-08,419.68,15.3,2,1,2,212,5,Lost Customers
LW-17215,Luke Weiss,Consumer,21,7,5420.514,837.2411,59,2014-09-12,2017-12-09,774.36,15.45,5,4,5,545,14,Champions
MA-17560,Matt Abelman,Home Office,64,11,4299.161,1240.2266,117,2014-08-08,2017-10-27,390.83,28.85,3,5,5,355,13,Loyal Customers
MA-17995,Michelle Arnett,Home Office,186,6,2453.284,280.7822,42,2014-09-20,2017-06-27,408.88,11.45,2,3,3,233,8,At Risk
MB-17305,Maria Bertelson,Consumer,48,10,1548.702,212.425,63,2014-08-08,2017-11-12,154.87,13.72,4,5,2,452,11,Hibernating
MB-18085,Mick Brown,Consumer,44,7,1428.231,117.8057,39,2014-01-05,2017-11-16,204.03,8.25,4,4,2,442,10,Hibernating
MC-17275,Marc Crier,Consumer,76,8,2725.982,461.0014,54,2014-09-08,2017-10-15,340.75,16.91,3,4,3,343,10,Loyal Customers
MC-17425,Mark Cousins,Corporate,399,5,4432.138,1802.3903,48,2014-05-30,2016-11-26,886.43,40.67,1,2,5,125,8,About to Sleep
MC-17575,Matt Collins,Consumer,27,8,1303.893,210.7493,40,2014-12-02,2017-12-03,162.99,16.16,4,4,2,442,10,Hibernating
MC-17590,Matt Collister,Corporate,51,6,2426.067,288.98409999999996,47,2014-05-20,2017-11-09,404.34,11.91,4,3,3,433,10,Loyal Customers
MC-17605,Matt Connell,Corporate,112,8,2258.192,195.4486,60,2014-03-19,2017-09-09,282.27,8.66,2,4,3,243,9,At Risk
MC-17635,Matthew Clasen,Corporate,189,4,795.154,-247.94350000000003,33,2014-11-28,2017-06-24,198.79,-31.18,2,1,1,211,4,Lost Customers
MC-17845,Michael Chen,Consumer,1,7,3805.714,698.4174,45,2014-07-05,2017-12-29,543.67,18.35,5,4,4,544,13,Champions
MC-18100,Mick Crebagga,Consumer,41,10,2218.98,-64.1668,73,2014-06-18,2017-11-19,221.9,-2.89,4,5,3,453,12,Loyal Customers
MC-18130,Mike Caudle,Corporate,369,5,1581.9979999999998,121.7565,34,2014-09-19,2016-12-26,316.4,7.7,1,2,2,122,5,Lost Customers
MD-17350,Maribeth Dona,Consumer,117,7,3766.382,-241.94999999999996,64,2014-11-05,2017-09-04,538.05,-6.42,2,4,4,244,10,At Risk
MD-17860,Michael Dominguez,Corporate,36,5,1204.91,-4.040300000000002,45,2014-12-02,2017-11-24,240.98,-0.34,4,2,2,422,8,Potential Loyalists
ME-17320,Maria Etezadi,Home Office,42,10,10663.728000000001,1859.4695,82,2014-01-06,2017-11-18,1066.37,17.44,4,5,5,455,14,Champions
ME-17725,Max Engle,Consumer,28,8,1908.4532,77.81280000000001,46,2014-07-12,2017-12-02,238.56,4.08,4,4,3,443,11,Loyal Customers
ME-18010,Michelle Ellison,Corporate,92,4,1256.944,107.3604,15,2014-07-21,2017-09-29,314.24,8.54,3,2,2,322,7,Need Attention
MF-17665,Maureen Fritzler,Corporate,421,5,937.039,-341.52650000000006,36,2014-12-30,2016-11-04,187.41,-36.45,1,2,1,121,4,Lost Customers
MF-18250,Monica Federle,Corporate,7,5,1758.3,456.86080000000004,38,2014-09-15,2017-12-23,351.66,25.98,5,2,3,523,10,Potential Loyalists
MG-17650,Matthew Grinstein,Home Office,29,7,3785.276,341.898,57,2014-08-09,2017-12-01,540.75,9.03,4,4,4,444,12,Champions
MG-17680,Maureen Gastineau,Home Office,92,4,2350.188,25.888599999999972,25,2014-10-22,2017-09-29,587.55,1.1,3,2,3,323,8,Hibernating
MG-17695,Maureen Gnade,Consumer,555,3,1342.282,-398.79319999999996,23,2014-12-26,2016-06-23,447.43,-29.71,1,1,2,112,4,Lost Customers
MG-17875,Michael Grace,Home Office,116,5,1242.8329999999999,-470.7684,23,2014-02-23,2017-09-05,248.57,-37.88,2,2,2,222,6,Lost Customers
MG-17890,Michael Granlund,Home Office,99,9,776.384,171.7372,35,2014-12-29,2017-09-22,86.26,22.12,3,5,1,351,9,Hibernating
MG-18145,Mike Gockenbach,Consumer,84,4,3061.543,-93.603,42,2014-03-29,2017-10-07,765.39,-3.06,3,2,4,324,9,Hibernating
MG-18205,Mitch Gastineau,Corporate,264,1,16.739,-1.2453,8,2017-04-10,2017-04-10,16.74,-7.44,1,1,1,111,3,Lost Customers
MH-17290,Marc Harrigan,Home Office,119,6,2394.025,28.761200000000038,55,2014-04-26,2017-09-02,399.0,1.2,2,3,3,233,8,At Risk
MH-17440,Mark Haberlin,Corporate,376,4,400.016,61.428599999999996,25,2014-02-04,2016-12-19,100.0,15.36,1,2,1,121,4,Lost Customers
MH-17455,Mark Hamilton,Consumer,85,8,2456.1820000000002,484.77330000000006,45,2014-07-11,2017-10-06,307.02,19.74,3,4,3,343,10,Loyal Customers
MH-17620,Matt Hagelstein,Corporate,155,4,1252.8,122.3612,19,2015-12-05,2017-07-28,313.2,9.77,2,2,2,222,6,Lost Customers
MH-17785,Maya Herman,Corporate,98,7,2203.7780000000002,238.5614,42,2014-05-27,2017-09-23,314.83,10.83,3,4,3,343,10,Loyal Customers
MH-18025,Michelle Huthwaite,Consumer,49,5,2984.948,476.9032,31,2014-07-08,2017-11-11,596.99,15.98,4,2,4,424,10,Potential Loyalists
MH-18115,Mick Hernandez,Home Office,5,9,5503.093,170.9746,79,2016-08-23,2017-12-25,611.45,3.11,5,5,5,555,15,Champions
MJ-17740,Max Jones,Consumer,22,7,6320.746,1054.5529000000001,50,2015-06-09,2017-12-08,902.96,16.68,5,4,5,545,14,Champions
MK-17905,Michael Kennedy,Corporate,28,8,2302.368,-405.3559,73,2014-11-18,2017-12-02,287.8,-17.61,4,4,3,443,11,Loyal Customers
MK-18160,Mike Kennedy,Consumer,240,4,1031.602,227.83380000000002,43,2014-12-19,2017-05-04,257.9,22.09,1,2,2,122,5,Lost Customers
ML-17395,Marina Lichtenstein,Corporate,69,9,2722.843,684.9162,72,2014-02-14,2017-10-22,302.54,25.15,3,5,3,353,11,Loyal Customers
ML-17410,Maris LaWare,Consumer,54,6,2921.5,-76.17550000000003,51,2014-11-14,2017-11-06,486.92,-2.61,3,3,4,334,10,Loyal Customers
ML-17755,Max Ludwig,Home Office,29,7,2071.9139999999998,409.51120000000003,53,2016-08-04,2017-12-01,295.99,19.76,4,4,3,443,11,Loyal Customers
ML-18040,Michelle Lonsdale,Corporate,79,3,742.082,138.71620000000001,18,2017-03-26,2017-10-12,247.36,18.69,3,1,1,311,5,Need Attention
ML-18265,Muhammed Lee,Consumer,100,2,162.232,42.6648,7,2015-05-31,2017-09-21,81.12,26.3,3,1,1,311,5,Need Attention
MM-17260,Magdelene Morse,Consumer,168,4,1314.023,178.402,17,2014-05-28,2017-07-15,328.51,13.58,2,2,2,222,6,Lost Customers
MM-17920,Michael Moore,Consumer,7,11,3794.0800000000004,82.12499999999997,68,2014-01-13,2017-12-23,344.92,2.16,5,5,4,554,14,Champions
MM-18055,Michelle Moray,Consumer,61,8,2749.881,-520.3443,73,2014-04-11,2017-10-30,343.74,-18.92,3,4,3,343,10,Loyal Customers
MM-18280,Muhammed MacIntyre,Corporate,85,9,775.414,58.8916,32,2014-01-20,2017-10-06,86.16,7.59,3,5,1,351,9,Hibernating
MN-17935,Michael Nguyen,Consumer,34,6,2477.946,290.8227,36,2014-02-16,2017-11-26,412.99,11.74,4,3,3,433,10,Loyal Customers
MO-17500,Mary O'Rourke,Consumer,72,4,922.487,59.357699999999994,15,2014-11-28,2017-10-19,230.62,6.43,3,2,1,321,6,Need Attention
MO-17800,Meg O'Connel,Home Office,104,8,1687.0269999999998,169.34369999999998,49,2015-09-17,2017-09-17,210.88,10.04,2,4,2,242,8,Hibernating
MO-17950,Michael Oakman,Consumer,180,2,154.288,-82.0074,14,2015-04-02,2017-07-03,77.14,-53.15,2,1,1,211,4,Lost Customers
MP-17470,Mark Packer,Home Office,719,7,3206.132,600.2873,77,2014-03-30,2016-01-11,458.02,18.72,1,4,4,144,9,At Risk
MP-17965,Michael Paige,Corporate,72,9,3983.6420000000003,638.1563,62,2015-04-18,2017-10-19,442.63,16.02,3,5,4,354,12,Loyal Customers
MP-18175,Mike Pelletier,Home Office,16,9,5087.92,226.4529,78,2014-03-28,2017-12-14,565.32,4.45,5,5,5,555,15,Champions
MR-17545,Mathew Reese,Home Office,125,4,639.178,162.9363,29,2014-09-03,2017-08-27,159.79,25.49,2,2,1,221,5,Lost Customers
MS-17365,Maribeth Schnelling,Consumer,273,10,7443.6900000000005,844.9354999999998,105,2014-09-09,2017-04-01,744.37,11.35,1,5,5,155,11,At Risk
MS-17530,MaryBeth Skach,Consumer,434,4,475.65599999999995,84.0268,21,2014-11-04,2016-10-22,118.91,17.67,1,2,1,121,4,Lost Customers
MS-17710,Maurice Satty,Consumer,413,6,1613.402,247.4348,48,2014-03-24,2016-11-12,268.9,15.34,1,3,2,132,6,Hibernating
MS-17770,Maxwell Schwartz,Consumer,121,9,3144.678,280.85839999999996,73,2014-07-04,2017-08-31,349.41,8.93,2,5,4,254,11,At Risk
MS-17830,Melanie Seite,Consumer,452,4,370.348,19.431199999999997,14,2014-01-09,2016-10-04,92.59,5.25,1,2,1,121,4,Lost Customers
MS-17980,Michael Stewart,Corporate,26,6,855.116,55.226,49,2014-06-30,2017-12-04,142.52,6.46,5,3,1,531,9,Hibernating
MT-17815,Meg Tillman,Consumer,49,6,2890.139,509.0068,31,2015-11-06,2017-11-11,481.69,17.61,4,3,4,434,11,Loyal Customers
MT-18070,Michelle Tran,Home Office,203,4,1319.4498,-23.676300000000005,44,2014-09-25,2017-06-10,329.86,-1.79,2,2,2,222,6,Lost Customers
MV-17485,Mark Van Huff,Consumer,27,9,1560.05,189.0258,52,2014-01-20,2017-12-03,173.34,12.12,4,5,2,452,11,Hibernating
MV-18190,Mike Vittorini,Consumer,19,7,1734.574,273.8582,37,2014-01-30,2017-12-11,247.8,15.79,5,4,2,542,11,Hibernating
MW-18220,Mitch Webber,Consumer,17,7,5341.900000000001,1238.422,51,2014-08-25,2017-12-13,763.13,23.18,5,4,5,545,14,Champions
MW-18235,Mitch Willingham,Corporate,44,2,5253.876,1665.516,13,2014-05-21,2017-11-16,2626.94,31.7,4,1,5,415,10,Potential Loyalists
MY-17380,Maribeth Yedwab,Corporate,29,7,2254.285,319.1211,49,2015-10-26,2017-12-01,322.04,14.16,4,4,3,443,11,Loyal Customers
MY-18295,Muhammed Yedwab,Corporate,71,11,4152.696,-371.7111,89,2014-04-28,2017-10-20,377.52,-8.95,3,5,4,354,12,Loyal Customers
MZ-17335,Maria Zettner,Home Office,30,4,593.606,85.01910000000001,11,2015-11-08,2017-11-30,148.4,14.32,4,2,1,421,7,Need Attention
MZ-17515,Mary Zewe,Corporate,282,6,2564.906,787.7503,39,2014-04-04,2017-03-23,427.48,30.71,1,3,3,133,7,At Risk
NB-18580,Nicole Brennan,Corporate,1165,2,273.87199999999996,24.788800000000002,7,2014-09-26,2014-10-22,136.94,9.05,1,1,1,111,3,Lost Customers
NB-18655,Nona Balk,Corporate,19,9,1972.599,117.6429,64,2014-12-05,2017-12-11,219.18,5.96,5,5,3,553,13,Loyal Customers
NC-18340,Nat Carroll,Consumer,224,5,2461.404,580.3075,54,2014-03-30,2017-05-20,492.28,23.58,2,2,3,223,7,About to Sleep
NC-18415,Nathan Cano,Consumer,41,6,2218.9900000000002,-2204.8072,38,2014-05-03,2017-11-19,369.83,-99.36,4,3,3,433,10,Loyal Customers
NC-18535,Nick Crebassa,Corporate,6,7,8241.739,1314.758,64,2014-07-23,2017-12-24,1177.39,15.95,5,4,5,545,14,Champions
NC-18625,Noah Childs,Corporate,204,5,1821.742,-359.02099999999996,29,2014-10-29,2017-06-09,364.35,-19.71,2,2,3,223,7,About to Sleep
ND-18370,Natalie DeCherney,Consumer,27,9,4326.139,353.64549999999997,63,2014-01-13,2017-12-03,480.68,8.17,4,5,5,455,14,Champions
ND-18460,Neil Ducich,Corporate,183,6,2893.455,443.33680000000004,36,2014-02-06,2017-06-30,482.24,15.32,2,3,4,234,9,At Risk
NF-18385,Natalie Fritzler,Consumer,79,7,8322.826,-1695.9714,52,2014-02-11,2017-10-12,1188.98,-20.38,3,4,5,345,12,Loyal Customers
NF-18475,Neil Französisch,Home Office,525,4,377.16200000000003,85.92779999999999,13,2014-03-14,2016-07-23,94.29,22.78,1,2,1,121,4,Lost Customers
NF-18595,Nicole Fjeld,Home Office,114,7,2031.472,388.2131,55,2014-04-19,2017-09-07,290.21,19.11,2,4,3,243,9,At Risk
NG-18355,Nat Gilpin,Corporate,48,5,1869.58,313.63349999999997,45,2014-11-24,2017-11-12,373.92,16.78,4,2,3,423,9,Potential Loyalists
NG-18430,Nathan Gelder,Consumer,48,5,1395.9379999999999,217.0893,41,2014-11-24,2017-11-12,279.19,15.55,4,2,2,422,8,Potential Loyalists
NH-18610,Nicole Hansen,Corporate,189,7,2673.29,760.1666,52,2014-03-02,2017-06-24,381.9,28.44,2,4,3,243,9,At Risk
NK-18490,Neil Knudson,Home Office,70,7,572.048,121.2177,51,2015-05-28,2017-10-21,81.72,21.19,3,4,1,341,8,Hibernating
NL-18310,Nancy Lomonaco,Home Office,58,4,1418.0900000000001,343.6381,44,2014-10-31,2017-11-02,354.52,24.23,3,2,2,322,7,Need Attention
NM-18445,Nathan Mautz,Home Office,160,7,6459.344,2751.6848999999997,44,2014-02-08,2017-07-23,922.76,42.6,2,4,5,245,11,At Risk
NM-18520,Neoma Murray,Consumer,244,10,2161.979,788.9525000000001,60,2015-09-08,2017-04-30,216.2,36.49,1,5,3,153,9,At Risk
NP-18325,Naresj Patel,Consumer,25,6,5529.62,1208.8890000000001,77,2014-05-13,2017-12-05,921.6,21.86,5,3,5,535,13,Loyal Customers
NP-18670,Nora Paige,Consumer,58,5,3908.402,514.6002,46,2015-02-27,2017-11-02,781.68,13.17,3,2,4,324,9,Hibernating
NP-18685,Nora Pelletier,Home Office,406,6,1228.698,514.5017,23,2014-03-07,2016-11-19,204.78,41.87,1,3,2,132,6,Hibernating
NP-18700,Nora Preis,Consumer,138,7,7903.1825,631.2282,63,2014-09-05,2017-08-14,1129.03,7.99,2,4,5,245,11,At Risk
NR-18550,Nick Radford,Consumer,210,5,2367.277,-25.148799999999966,37,2014-06-07,2017-06-03,473.46,-1.06,2,2,3,223,7,About to Sleep
NS-18505,Neola Schneider,Consumer,6,4,2575.863,-12.303999999999997,52,2016-11-24,2017-12-24,643.97,-0.48,5,2,3,523,10,Potential Loyalists
NS-18640,Noel Staavos,Corporate,174,13,2964.823,-234.7714,113,2014-06-25,2017-07-09,228.06,-7.92,2,5,4,254,11,At Risk
NW-18400,Natalie Webber,Consumer,172,7,7234.014,1023.123,78,2014-06-21,2017-07-11,1033.43,14.14,2,4,5,245,11,At Risk
NZ-18565,Nick Zandusky,Home Office,85,9,2488.31,402.4236,77,2014-08-02,2017-10-06,276.48,16.17,3,5,3,353,11,Loyal Customers
ON-18715,Odella Nelson,Corporate,410,9,1567.52,-5.88900000000001,58,2014-09-13,2016-11-15,174.17,-0.38,1,5,2,152,8,Hibernating
OT-18730,Olvera Toch,Consumer,65,5,3818.624,-925.1203,51,2015-04-20,2017-10-26,763.72,-24.23,3,2,4,324,9,Hibernating
PA-19060,Pete Armstrong,Home Office,103,6,729.408,225.8588,27,2014-05-17,2017-09-18,121.57,30.96,3,3,1,331,7,Hibernating
PB-18805,Patrick Bzostek,Home Office,25,3,740.356,229.2257,54,2015-11-20,2017-12-05,246.79,30.96,5,1,1,511,7,New Customers
PB-19105,Peter Bühler,Consumer,57,4,688.324,218.15970000000002,18,2014-11-15,2017-11-03,172.08,31.69,3,2,1,321,6,Need Attention
PB-19150,Philip Brown,Consumer,97,8,1456.95,280.6606,54,2014-07-14,2017-09-24,182.12,19.26,3,4,2,342,9,Hibernating
PB-19210,Phillip Breyer,Corporate,688,2,132.738,21.897000000000002,10,2014-11-23,2016-02-11,66.37,16.5,1,1,1,111,3,Lost Customers
PC-18745,Pamela Coakley,Corporate,2,4,1832.064,272.685,22,2014-12-31,2017-12-28,458.02,14.88,5,2,3,523,10,Potential Loyalists
PC-19000,Pauline Chand,Home Office,882,2,1061.488,-184.3364,18,2014-04-08,2015-08-01,530.74,-17.37,1,1,2,112,4,Lost Customers
PF-19120,Peter Fuller,Consumer,835,4,9062.864,-614.2943000000001,75,2014-05-05,2015-09-17,2265.72,-6.78,1,2,5,125,8,About to Sleep
PF-19165,Philip Fox,Consumer,196,6,2770.0,196.87389999999996,34,2014-09-20,2017-06-17,461.67,7.11,2,3,4,234,9,At Risk
PF-19225,Phillip Flathmann,Consumer,114,5,2206.1279999999997,591.3118000000001,32,2016-06-26,2017-09-07,441.23,26.8,2,2,3,223,7,About to Sleep
PG-18820,Patrick Gardner,Consumer,36,13,3086.907,137.46130000000002,83,2014-05-09,2017-11-24,237.45,4.45,4,5,4,454,13,Champions
PG-18895,Paul Gonzalez,Consumer,57,9,1987.164,334.5163,61,2014-05-11,2017-11-03,220.8,16.83,3,5,3,353,11,Loyal Customers
PH-18790,Patricia Hirasaki,Home Office,70,1,729.648,47.8878,6,2017-10-21,2017-10-21,729.65,6.56,3,1,1,311,5,Need Attention
PJ-18835,Patrick Jones,Corporate,39,8,1220.09,442.1355,46,2014-05-28,2017-11-21,152.51,36.24,4,4,2,442,10,Hibernating
PJ-19015,Pauline Johnson,Consumer,134,7,1824.2340000000002,682.9979000000001,25,2014-04-07,2017-08-18,260.6,37.44,2,4,3,243,9,At Risk
PK-18910,Paul Knutson,Home Office,483,2,1441.152,-798.705,14,2014-04-04,2016-09-03,720.58,-55.42,1,1,2,112,4,Lost Customers
PK-19075,Pete Kriz,Consumer,9,12,8646.934,2038.2676000000001,107,2014-11-11,2017-12-21,720.58,23.57,5,5,5,555,15,Champions
PL-18925,Paul Lucas,Home Office,15,5,239.481,-0.7527000000000026,29,2014-11-01,2017-12-15,47.9,-0.31,5,2,1,521,8,Need Attention
PM-18940,Paul MacIntyre,Consumer,386,3,1405.402,157.8768,16,2014-05-04,2016-12-09,468.47,11.23,1,1,2,112,4,Lost Customers
PM-19135,Peter McVee,Home Office,51,4,4115.662,526.7537,36,2015-12-19,2017-11-09,1028.92,12.8,4,2,4,424,10,Potential Loyalists
PN-18775,Parhena Norris,Home Office,30,8,1467.152,192.0396,47,2015-08-07,2017-11-30,183.39,13.09,4,4,2,442,10,Hibernating
PO-18850,Patrick O'Brill,Consumer,4,11,7473.8282,38.47569999999996,91,2014-11-02,2017-12-26,679.44,0.51,5,5,5,555,15,Champions
PO-18865,Patrick O'Donnell,Consumer,0,7,2493.214,437.8533,54,2014-03-23,2017-12-30,356.17,17.56,5,4,3,543,12,Loyal Customers
PO-19180,Philisse Overcash,Home Office,160,9,4893.043,1155.4331,65,2015-08-11,2017-07-23,543.67,23.61,2,5,5,255,12,At Risk
PO-19195,Phillina Ober,Home Office,86,5,1056.858,-49.70089999999999,32,2014-01-04,2017-10-05,211.37,-4.7,3,2,2,322,7,Need Attention
PP-18955,Paul Prost,Home Office,97,10,7252.608,1495.0854,138,2014-08-26,2017-09-24,725.26,20.61,3,5,5,355,13,Loyal Customers
PR-18880,Patrick Ryan,Consumer,36,5,1840.178,247.6226,43,2014-09-05,2017-11-24,368.04,13.46,4,2,3,423,9,Potential Loyalists
PS-18760,Pamela Stobb,Consumer,107,6,2181.479,-134.441,75,2014-06-15,2017-09-14,363.58,-6.16,2,3,3,233,8,At Risk
PS-18970,Paul Stevenson,Home Office,69,8,1278.639,198.5099,52,2014-04-15,2017-10-22,159.83,15.53,3,4,2,342,9,Hibernating
PS-19045,Penelope Sewall,Home Office,236,7,6843.634,1742.7296999999999,47,2014-12-20,2017-05-08,977.66,25.46,1,4,5,145,10,At Risk
PT-19090,Pete Takahito,Consumer,71,4,160.572,-20.0508,19,2014-09-12,2017-10-20,40.14,-12.49,3,2,1,321,6,Need Attention
PV-18985,Paul Van Hugh,Home Office,89,5,2876.046,434.52840000000003,52,2014-07-12,2017-10-02,575.21,15.11,3,2,4,324,9,Hibernating
PW-19030,Pauline Webber,Corporate,46,10,3454.916,803.8169,48,2014-05-16,2017-11-14,345.49,23.27,4,5,4,454,13,Champions
PW-19240,Pierre Wener,Consumer,464,7,3922.4150000000004,1290.354,39,2014-11-18,2016-09-22,560.34,32.9,1,4,4,144,9,At Risk
QJ-19255,Quincy Jones,Corporate,25,9,6108.338,1203.6768,61,2014-03-17,2017-12-05,678.7,19.71,5,5,5,555,15,Champions
RA-19285,Ralph Arnett,Consumer,5,9,2617.906,546.0882,58,2014-12-13,2017-12-25,290.88,20.86,5,5,3,553,13,Loyal Customers
RA-19885,Ruben Ausman,Corporate,43,7,3832.314,1292.8656,53,2014-04-08,2017-11-17,547.47,33.74,4,4,4,444,12,Champions
RA-19915,Russell Applegate,Consumer,12,9,4793.543,304.8673,75,2014-06-30,2017-12-18,532.62,6.36,5,5,5,555,15,Champions
RA-19945,Ryan Akin,Consumer,61,5,1686.9225,-445.695,27,2014-08-29,2017-10-30,337.38,-26.42,3,2,2,322,7,Need Attention
RB-19330,Randy Bradley,Consumer,68,2,1008.1959999999999,-164.40619999999998,16,2014-11-17,2017-10-23,504.1,-16.31,3,1,2,312,6,Need Attention
RB-19360,Raymond Buch,Consumer,96,6,15117.339,6976.0959,71,2016-04-01,2017-09-25,2519.56,46.15,3,3,5,335,11,Loyal Customers
RB-19435,Richard Bierner,Consumer,19,8,2663.0860000000002,477.23990000000003,66,2014-03-11,2017-12-11,332.89,17.92,5,4,3,543,12,Loyal Customers
RB-19465,Rick Bensley,Home Office,9,12,4715.466,640.5466,85,2014-03-14,2017-12-21,392.96,13.58,5,5,5,555,15,Champions
RB-19570,Rob Beeghly,Consumer,25,5,528.546,76.8879,35,2016-04-28,2017-12-05,105.71,14.55,5,2,1,521,8,Need Attention
RB-19645,Robert Barroso,Corporate,648,5,221.084,72.679,29,2014-08-23,2016-03-22,44.22,32.87,1,2,1,121,4,Lost Customers
RB-19705,Roger Barcio,Home Office,54,4,2067.45,243.07549999999998,22,2015-08-22,2017-11-06,516.86,11.76,3,2,3,323,8,Hibernating
RB-19795,Ross Baird,Home Office,32,8,5633.316000000001,-461.73319999999995,92,2014-06-03,2017-11-28,704.16,-8.2,4,4,5,445,13,Champions
RC-19825,Roy Collins,Consumer,369,6,966.409,63.991400000000006,29,2014-12-05,2016-12-26,161.07,6.62,1,3,2,132,6,Hibernating
RC-19960,Ryan Crowe,Consumer,110,6,885.752,10.563300000000002,44,2014-08-25,2017-09-11,147.63,1.19,2,3,1,231,6,Hibernating
RD-19480,Rick Duston,Consumer,72,8,4272.93,480.594,60,2014-06-08,2017-10-19,534.12,11.25,3,4,4,344,11,Loyal Customers
RD-19585,Rob Dowd,Consumer,180,10,2912.8940000000002,734.5158,73,2014-04-02,2017-07-03,291.29,25.22,2,5,4,254,11,At Risk
RD-19660,Robert Dilbeck,Home Office,114,5,2786.632,835.772,23,2015-04-12,2017-09-07,557.33,29.99,2,2,4,224,8,About to Sleep
RD-19720,Roger Demir,Consumer,21,10,1419.737,207.3304,78,2014-07-20,2017-12-09,141.97,14.6,5,5,2,552,12,Hibernating
RD-19810,Ross DeVincentis,Home Office,14,8,1137.616,318.4625,63,2014-10-27,2017-12-16,142.2,27.99,5,4,2,542,11,Hibernating
RD-19900,Ruben Dartt,Consumer,114,9,3133.924,455.5292,85,2014-04-05,2017-09-07,348.21,14.54,2,5,4,254,11,At Risk
RD-19930,Russell D'Ascenzo,Consumer,42,4,970.9420000000001,35.05740000000001,33,2014-10-03,2017-11-18,242.74,3.61,4,2,2,422,8,Potential Loyalists
RE-19405,Ricardo Emerson,Consumer,1097,1,48.36,6.045,5,2014-12-29,2014-12-29,48.36,12.5,1,1,1,111,3,Lost Customers
RE-19450,Richard Eichhorn,Consumer,302,5,876.696,209.2294,47,2014-06-03,2017-03-03,175.34,23.87,1,2,1,121,4,Lost Customers
RF-19345,Randy Ferguson,Corporate,390,8,3309.15,633.7072000000001,67,2014-05-20,2016-12-05,413.64,19.15,1,4,4,144,9,At Risk
RF-19735,Roland Fjeld,Consumer,89,7,2341.2960000000003,711.6168,53,2014-08-06,2017-10-02,334.47,30.39,3,4,3,343,10,Loyal Customers
RF-19840,Roy Französisch,Consumer,6,8,945.222,280.0261,45,2014-11-12,2017-12-24,118.15,29.63,5,4,1,541,10,Hibernating
RH-19495,Rick Hansen,Consumer,32,5,3621.3759999999997,563.7877,38,2014-08-23,2017-11-28,724.28,15.57,4,2,4,424,10,Potential Loyalists
RH-19510,Rick Huthwaite,Home Office,467,6,6979.18,1289.4535,43,2014-11-16,2016-09-19,1163.2,18.48,1,3,5,135,9,At Risk
RH-19555,Ritsa Hightower,Consumer,519,2,740.382,0.30570000000000164,11,2015-12-04,2016-07-29,370.19,0.04,1,1,1,111,3,Lost Customers
RH-19600,Rob Haberlin,Consumer,534,3,2085.7400000000002,172.6261,43,2015-07-02,2016-07-14,695.25,8.28,1,1,3,113,5,About to Sleep
RK-19300,Ralph Kennedy,Consumer,119,3,1460.192,269.688,29,2015-07-20,2017-09-02,486.73,18.47,2,1,2,212,5,Lost Customers
RL-19615,Rob Lucas,Consumer,121,8,6234.91,488.14840000000004,101,2014-12-05,2017-08-31,779.36,7.83,2,4,5,245,11,At Risk
RM-19375,Raymond Messe,Consumer,345,6,1453.474,392.1499,29,2014-05-11,2017-01-19,242.25,26.98,1,3,2,132,6,Hibernating
RM-19675,Robert Marley,Home Office,6,5,5979.0960000000005,1902.5438000000001,39,2014-11-14,2017-12-24,1195.82,31.82,5,2,5,525,12,Potential Loyalists
RM-19750,Roland Murray,Consumer,299,1,98.35,28.6879,4,2017-03-06,2017-03-06,98.35,29.17,1,1,1,111,3,Lost Customers
RO-19780,Rose O'Brian,Consumer,35,7,3815.478,-1262.5716000000002,48,2015-05-12,2017-11-25,545.07,-33.09,4,4,4,444,12,Champions
RP-19270,Rachel Payne,Corporate,496,4,954.6452,59.538399999999996,47,2014-10-19,2016-08-21,238.66,6.24,1,2,1,121,4,Lost Customers
RP-19390,Resi Pölking,Consumer,33,12,5153.084,465.25030000000015,88,2014-05-24,2017-11-27,429.42,9.03,4,5,5,455,14,Champions
RP-19855,Roy Phan,Corporate,28,8,2170.716,594.5868,61,2014-04-05,2017-12-02,271.34,27.39,4,4,3,443,11,Loyal Customers
RR-19315,Ralph Ritter,Consumer,19,2,615.932,-73.835,7,2016-11-14,2017-12-11,307.97,-11.99,5,1,1,511,7,New Customers
RR-19525,Rick Reed,Corporate,170,6,3302.2619999999997,721.6826,36,2014-09-09,2017-07-13,550.38,21.85,2,3,4,234,9,At Risk
RS-19420,Ricardo Sperren,Corporate,76,5,3221.29,633.4513999999999,29,2014-08-05,2017-10-15,644.26,19.66,3,2,4,324,9,Hibernating
RS-19765,Roland Schwarz,Corporate,36,8,4159.7699999999995,1206.3851,54,2014-04-07,2017-11-24,519.97,29.0,4,4,4,444,12,Champions
RS-19870,Roy Skaria,Home Office,19,2,22.328,9.5838,10,2016-06-07,2017-12-11,11.16,42.92,5,1,1,511,7,New Customers
RW-19540,Rick Wilson,Corporate,120,7,7397.401,1586.6273,89,2015-02-03,2017-09-01,1056.77,21.45,2,4,5,245,11,At Risk
RW-19630,Rob Williams,Corporate,89,9,3279.746,698.8325,53,2014-06-28,2017-10-02,364.42,21.31,3,5,4,354,12,Loyal Customers
RW-19690,Robert Waldorf,Consumer,79,5,3495.646,707.5503,61,2016-05-30,2017-10-12,699.13,20.24,3,2,4,324,9,Hibernating
SA-20830,Sue Ann Reed,Consumer,63,10,4767.3415,610.1496000000001,75,2014-02-22,2017-10-28,476.73,12.8,3,5,5,355,13,Loyal Customers
SB-20170,Sarah Bern,Consumer,201,3,1348.02,157.6658,24,2014-06-06,2017-06-12,449.34,11.7,2,1,2,212,5,Lost Customers
SB-20185,Sarah Brown,Consumer,188,6,6410.996,885.4623999999999,45,2014-09-20,2017-06-25,1068.5,13.81,2,3,5,235,10,At Risk
SB-20290,Sean Braxton,Corporate,47,7,8057.891,-2082.7451,84,2014-05-09,2017-11-13,1151.13,-25.85,4,4,5,445,13,Champions
SC-20020,Sam Craven,Consumer,781,5,3362.9636,-317.0508,62,2014-03-03,2015-11-10,672.59,-9.43,1,2,4,124,7,About to Sleep
SC-20050,Sample Company A,Home Office,40,9,4624.572,1011.7443,61,2014-03-18,2017-11-20,513.84,21.88,4,5,5,455,14,Champions
SC-20095,Sanjit Chand,Consumer,349,9,14142.333999999999,5757.411899999999,87,2014-02-12,2017-01-15,1571.37,40.71,1,5,5,155,11,At Risk
SC-20230,Scot Coram,Corporate,149,4,4371.9580000000005,440.14099999999996,49,2016-06-06,2017-08-03,1092.99,10.07,2,2,5,225,9,About to Sleep
SC-20260,Scott Cohen,Corporate,187,8,3729.7929999999997,671.0033999999999,63,2014-04-06,2017-06-26,466.22,17.99,2,4,4,244,10,At Risk
SC-20305,Sean Christensen,Consumer,29,7,3979.065,229.1617,64,2014-12-16,2017-12-01,568.44,5.76,4,4,4,444,12,Champions
SC-20380,Shahid Collister,Consumer,30,9,5992.536,236.66149999999996,80,2014-03-01,2017-11-30,665.84,3.95,4,5,5,455,14,Champions
SC-20440,Shaun Chance,Corporate,36,7,1874.998,379.5611,44,2015-08-17,2017-11-24,267.86,20.24,4,4,3,443,11,Loyal Customers
SC-20575,Sonia Cooley,Consumer,92,5,902.7280000000001,100.2253,30,2014-06-16,2017-09-29,180.55,11.1,3,2,1,321,6,Need Attention
SC-20680,Steve Carroll,Home Office,126,6,1254.64,370.1578,26,2014-11-21,2017-08-26,209.11,29.5,2,3,2,232,7,Hibernating
SC-20695,Steve Chapman,Corporate,89,10,2576.408,611.8291,66,2014-12-16,2017-10-02,257.64,23.75,3,5,3,353,11,Loyal Customers
SC-20725,Steven Cartwright,Consumer,187,11,5226.21,1276.6513,133,2014-06-03,2017-06-26,475.11,24.43,2,5,5,255,12,At Risk
SC-20770,Stewart Carmichael,Corporate,41,7,4492.657,-671.1874,75,2015-06-20,2017-11-19,641.81,-14.94,4,4,5,445,13,Champions
SC-20800,Stuart Calhoun,Consumer,30,4,279.25600000000003,51.8252,11,2015-12-11,2017-11-30,69.81,18.56,4,2,1,421,7,Need Attention
SC-20845,Sung Chung,Consumer,131,2,280.632,31.1757,13,2016-11-11,2017-08-21,140.32,11.11,2,1,1,211,4,Lost Customers
SD-20485,Shirley Daniels,Home Office,200,9,6121.114,1985.1671999999999,82,2014-01-26,2017-06-13,680.12,32.43,2,5,5,255,12,At Risk
SE-20110,Sanjit Engle,Consumer,9,11,12209.438000000002,2650.6769,78,2014-04-11,2017-12-21,1109.95,21.71,5,5,5,555,15,Champions
SF-20065,Sandra Flanagan,Consumer,59,7,763.5459999999999,228.1623,35,2014-09-10,2017-11-01,109.08,29.88,3,4,1,341,8,Hibernating
SF-20200,Sarah Foster,Consumer,59,9,3422.7859999999996,286.9046,74,2014-12-23,2017-11-01,380.31,8.38,3,5,4,354,12,Loyal Customers
SF-20965,Sylvia Foulston,Corporate,48,9,3336.535,539.9352,66,2014-10-21,2017-11-12,370.73,16.18,4,5,4,454,13,Champions
SG-20080,Sandra Glassco,Consumer,8,3,3406.5809999999997,570.438,30,2015-10-31,2017-12-22,1135.53,16.75,5,1,4,514,10,Potential Loyalists
SG-20470,Sheri Gordon,Consumer,183,8,1884.798,-119.0105,62,2014-07-26,2017-06-30,235.6,-6.31,2,4,3,243,9,At Risk
SG-20605,Speros Goranitis,Consumer,108,6,3124.832,463.269,49,2014-01-23,2017-09-13,520.81,14.83,2,3,4,234,9,At Risk
SG-20890,Susan Gilcrest,Corporate,226,3,47.946,-3.7073,17,2014-03-30,2017-05-18,15.98,-7.73,1,1,1,111,3,Lost Customers
SH-19975,Sally Hughsby,Corporate,29,13,3406.8395,558.4739999999999,113,2014-12-10,2017-12-01,262.06,16.39,4,5,4,454,13,Champions
SH-20395,Shahid Hopkins,Consumer,23,10,2180.718,-144.5229,45,2014-11-02,2017-12-07,218.07,-6.63,5,5,3,553,13,Loyal Customers
SH-20635,Stefanie Holloman,Corporate,765,2,2096.392,260.6258,16,2014-12-16,2015-11-26,1048.2,12.43,1,1,3,113,5,About to Sleep
SJ-20125,Sanjit Jacobs,Home Office,95,12,3949.656,144.1189,104,2015-09-22,2017-09-26,329.14,3.65,3,5,4,354,12,Loyal Customers
SJ-20215,Sarah Jordon,Consumer,29,6,1341.036,-23.5137,35,2015-02-09,2017-12-01,223.51,-1.75,4,3,2,432,9,Hibernating
SJ-20500,Shirley Jackson,Consumer,253,5,1318.776,68.09629999999999,30,2014-08-31,2017-04-21,263.76,5.16,1,2,2,122,5,Lost Customers
SK-19990,Sally Knutson,Consumer,8,3,883.409,168.7933,19,2016-11-28,2017-12-22,294.47,19.11,5,1,1,511,7,New Customers
SL-20155,Sara Luxemburg,Home Office,70,7,3053.012,527.9715,30,2014-09-21,2017-10-21,436.14,17.29,3,4,4,344,11,Loyal Customers
SM-20005,Sally Matthias,Consumer,421,4,244.49399999999997,-26.5927,26,2014-11-23,2016-11-04,61.12,-10.88,1,2,1,121,4,Lost Customers
SM-20320,Sean Miller,Home Office,79,5,25043.05,-1980.7393,50,2014-03-18,2017-10-12,5008.61,-7.91,3,2,5,325,10,Hibernating
SM-20905,Susan MacKendrick,Consumer,606,1,1043.041,-237.2885,20,2016-05-03,2016-05-03,1043.04,-22.75,1,1,2,112,4,Lost Customers
SM-20950,Suzanne McNair,Corporate,25,12,5563.392,581.5741999999999,94,2014-09-29,2017-12-05,463.62,10.45,5,5,5,555,15,Champions
SN-20560,Skye Norling,Home Office,111,6,1860.418,-716.8565000000001,67,2015-06-18,2017-09-10,310.07,-38.53,2,3,3,233,8,At Risk
SN-20710,Steve Nguyen,Home Office,79,7,3127.9592,481.74989999999997,89,2014-05-06,2017-10-12,446.85,15.4,3,4,4,344,11,Loyal Customers
SO-20335,Sean O'Donnell,Consumer,29,6,2602.5755,-81.0858,52,2015-10-11,2017-12-01,433.76,-3.12,4,3,3,433,10,Loyal Customers
SP-20545,Sibella Parks,Corporate,327,6,1306.086,-118.77570000000001,43,2014-10-13,2017-02-06,217.68,-9.09,1,3,2,132,6,Hibernating
SP-20620,Stefania Perrino,Corporate,47,9,5440.319,-270.42819999999995,77,2014-09-08,2017-11-13,604.48,-4.97,4,5,5,455,14,Champions
SP-20650,Stephanie Phelps,Corporate,386,9,1872.4360000000001,268.4782,71,2014-04-16,2016-12-09,208.05,14.34,1,5,3,153,9,At Risk
SP-20860,Sung Pak,Corporate,79,10,4282.94,566.7226,80,2014-12-15,2017-10-12,428.29,13.23,3,5,5,355,13,Loyal Customers
SP-20920,Susan Pistek,Consumer,70,6,3990.689,14.692400000000003,57,2014-11-22,2017-10-21,665.11,0.37,3,3,4,334,10,Loyal Customers
SR-20425,Sharelle Roach,Home Office,8,5,3233.481,-3333.9144,34,2014-06-14,2017-12-22,646.7,-103.11,5,2,4,524,11,Potential Loyalists
SR-20740,Steven Roelle,Home Office,196,8,4345.8859999999995,1990.4243999999999,50,2014-02-20,2017-06-17,543.24,45.8,2,4,5,245,11,At Risk
SS-20140,Saphhira Shifley,Corporate,15,8,1324.028,332.3487,86,2014-11-23,2017-12-15,165.5,25.1,5,4,2,542,11,Hibernating
SS-20410,Shahid Shariari,Consumer,110,6,3056.8070000000002,-1010.9738,46,2014-05-30,2017-09-11,509.47,-33.07,2,3,4,234,9,At Risk
SS-20515,Shirley Schmidt,Home Office,491,3,613.4,199.93449999999999,36,2014-07-14,2016-08-26,204.47,32.59,1,1,1,111,3,Lost Customers
SS-20590,Sonia Sunley,Consumer,432,6,418.49,135.5401,17,2014-08-05,2016-10-24,69.75,32.39,1,3,1,131,5,Hibernating
SS-20875,Sung Shariari,Consumer,120,5,964.636,-75.586,39,2014-12-14,2017-09-01,192.93,-7.84,2,2,2,222,6,Lost Customers
ST-20530,Shui Tom,Consumer,125,7,433.34000000000003,84.4419,33,2014-02-14,2017-08-27,61.91,19.49,2,4,1,241,7,Hibernating
SU-20665,Stephanie Ulpright,Home Office,20,7,2595.364,763.4719,61,2015-12-05,2017-12-10,370.77,29.42,5,4,3,543,12,Loyal Customers
SV-20365,Seth Vernon,Consumer,101,10,11470.949999999999,1199.4242,109,2014-01-11,2017-09-20,1147.09,10.46,3,5,5,355,13,Loyal Customers
SV-20785,Stewart Visinsky,Consumer,320,9,4105.305,485.0272,91,2014-04-12,2017-02-13,456.15,11.81,1,5,4,154,10,At Risk
SV-20815,Stuart Van,Corporate,76,4,1271.0900000000001,199.6502,24,2015-05-04,2017-10-15,317.77,15.71,3,2,2,322,7,Need Attention
SV-20935,Susan Vittorini,Consumer,2,8,1903.491,106.8912,66,2016-03-19,2017-12-28,237.94,5.62,5,4,3,543,12,Loyal Customers
SW-20245,Scot Wooten,Consumer,81,7,1085.078,-19.60620000000001,33,2014-07-20,2017-10-10,155.01,-1.81,3,4,2,342,9,Hibernating
SW-20275,Scott Williamson,Consumer,30,6,1966.65,332.8725,28,2014-03-10,2017-11-30,327.78,16.93,4,3,3,433,10,Loyal Customers
SW-20350,Sean Wendt,Home Office,162,3,1019.044,95.8383,25,2016-04-09,2017-07-21,339.68,9.4,2,1,2,212,5,Lost Customers
SW-20455,Shaun Weien,Consumer,162,7,2921.544,793.6548,18,2015-06-22,2017-07-21,417.36,27.17,2,4,4,244,10,At Risk
SW-20755,Steven Ward,Corporate,534,2,758.6959999999999,68.2416,27,2014-11-02,2016-07-14,379.35,8.99,1,1,1,111,3,Lost Customers
SZ-20035,Sam Zeldin,Home Office,35,11,3625.329,366.43030000000005,69,2014-09-07,2017-11-25,329.58,10.11,4,5,4,454,13,Champions
TA-21385,Tom Ashbrook,Home Office,69,4,14595.62,4703.7883,36,2014-09-12,2017-10-22,3648.9,32.23,3,2,5,325,10,Hibernating
TB-21055,Ted Butterfield,Consumer,119,5,1467.881,390.2113,66,2016-06-17,2017-09-02,293.58,26.58,2,2,2,222,6,Lost Customers
TB-21175,Thomas Boland,Corporate,58,4,3589.296,829.1635,36,2014-12-08,2017-11-02,897.32,23.1,3,2,4,324,9,Hibernating
TB-21190,Thomas Brumley,Home Office,49,4,816.1740000000001,179.0038,23,2014-12-27,2017-11-11,204.04,21.93,4,2,1,421,7,Need Attention
TB-21250,Tim Brockman,Consumer,349,7,1602.376,260.6155,74,2014-12-08,2017-01-15,228.91,16.26,1,4,2,142,7,Hibernating
TB-21280,Toby Braunhardt,Consumer,583,6,2198.45,490.9567,35,2014-06-21,2016-05-26,366.41,22.33,1,3,3,133,7,At Risk
TB-21355,Todd Boyes,Corporate,146,5,834.328,268.967,44,2016-01-25,2017-08-06,166.87,32.24,2,2,1,221,5,Lost Customers
TB-21400,Tom Boeckenhauer,Consumer,202,7,9133.99,2798.3689,55,2014-01-21,2017-06-11,1304.86,30.64,2,4,5,245,11,At Risk
TB-21520,Tracy Blumstein,Consumer,107,9,4737.486,-1603.0451,85,2014-10-17,2017-09-14,526.39,-33.84,2,5,5,255,12,At Risk
TB-21595,Troy Blackwell,Consumer,285,5,1387.559,-136.4091,29,2014-02-18,2017-03-20,277.51,-9.83,1,2,2,122,5,Lost Customers
TB-21625,Trudy Brown,Consumer,30,9,2797.668,379.882,60,2014-08-06,2017-11-30,310.85,13.58,4,5,4,454,13,Champions
TC-20980,Tamara Chand,Corporate,399,5,19052.218,8981.323900000001,42,2014-11-07,2016-11-26,3810.44,47.14,1,2,5,125,8,About to Sleep
TC-21145,Theresa Coyne,Corporate,106,1,1038.26,265.5332,17,2017-09-15,2017-09-15,1038.26,25.57,2,1,2,212,5,Lost Customers
TC-21295,Toby Carlisle,Consumer,27,8,4266.812,606.3727,63,2014-10-14,2017-12-03,533.35,14.21,4,4,4,444,12,Champions
TC-21475,Tony Chapman,Home Office,153,9,1244.976,119.104,45,2014-11-22,2017-07-30,138.33,9.57,2,5,2,252,9,Hibernating
TC-21535,Tracy Collins,Home Office,4,7,742.5580000000001,217.933,28,2014-11-03,2017-12-26,106.08,29.35,5,4,1,541,10,Hibernating
TD-20995,Tamara Dahlen,Consumer,37,9,1434.5480000000002,88.1897,67,2014-05-19,2017-11-23,159.39,6.15,4,5,2,452,11,Hibernating
TG-21310,Toby Gnade,Consumer,337,5,3058.372,682.1704,30,2015-03-09,2017-01-27,611.67,22.31,1,3,4,134,8,At Risk
TG-21640,Trudy Glocke,Consumer,114,4,2074.661,365.7205,50,2014-03-31,2017-09-07,518.67,17.63,2,2,3,223,7,About to Sleep
TH-21100,Thea Hendricks,Consumer,344,5,2422.824,-135.2125,29,2014-09-27,2017-01-20,484.56,-5.58,1,3,3,133,7,At Risk
TH-21115,Thea Hudgings,Corporate,58,4,2942.772,-252.5539,29,2014-09-23,2017-11-02,735.69,-8.58,3,2,4,324,9,Hibernating
TH-21235,Tiffany House,Corporate,117,8,1022.201,92.729,40,2014-11-04,2017-09-04,127.78,9.07,2,4,2,242,8,Hibernating
TH-21550,Tracy Hopkins,Home Office,72,7,4234.0960000000005,-571.9678,44,2014-04-05,2017-10-19,604.87,-13.51,3,4,4,344,11,Loyal Customers
TM-21010,Tamara Manning,Consumer,103,8,2955.2259999999997,573.3013,67,2014-02-21,2017-09-18,369.4,19.4,3,4,4,344,11,Loyal Customers
TM-21490,Tony Molinari,Consumer,130,3,1094.6779999999999,292.52099999999996,12,2017-03-30,2017-08-22,364.89,26.72,2,1,2,212,5,Lost Customers
TN-21040,Tanja Norvell,Home Office,90,7,3130.221,-692.0452,48,2014-10-10,2017-10-01,447.17,-22.11,3,4,4,344,11,Loyal Customers
TP-21130,Theone Pippenger,Consumer,8,9,4454.0560000000005,1129.1261,55,2015-04-14,2017-12-22,494.9,25.35,5,5,5,555,15,Champions
TP-21415,Tom Prescott,Consumer,104,5,5329.0048,-1087.3898,39,2015-11-28,2017-09-17,1065.8,-20.41,2,3,5,235,10,At Risk
TP-21565,Tracy Poddar,Corporate,350,4,1936.6399999999999,139.22869999999995,48,2015-03-01,2017-01-14,484.16,7.19,1,2,3,123,6,About to Sleep
TR-21325,Toby Ritter,Consumer,193,5,675.9419999999999,220.36440000000002,22,2014-12-01,2017-06-20,135.19,32.6,2,3,1,231,6,Hibernating
TS-21085,Thais Sissman,Consumer,357,2,4.833,-3.3156,4,2015-07-19,2017-01-07,2.42,-68.6,1,1,1,111,3,Lost Customers
TS-21160,Theresa Swint,Corporate,504,6,2163.6240000000003,260.87440000000004,60,2014-04-23,2016-08-13,360.6,12.06,1,3,3,133,7,At Risk
TS-21205,Thomas Seio,Corporate,198,7,5371.09,862.8877,67,2014-03-21,2017-06-15,767.3,16.07,2,4,5,245,11,At Risk
TS-21340,Toby Swindell,Consumer,226,5,974.7819999999999,-184.97889999999998,51,2014-01-19,2017-05-18,194.96,-18.98,1,3,2,132,6,Hibernating
TS-21370,Todd Sumrall,Corporate,36,6,11891.751,2371.7144000000003,59,2014-10-28,2017-11-24,1981.96,19.94,4,3,5,435,12,Loyal Customers
TS-21430,Tom Stivers,Corporate,172,5,2054.14,48.70169999999999,31,2014-07-30,2017-07-11,410.83,2.37,2,3,3,233,8,At Risk
TS-21505,Tony Sayre,Consumer,11,6,2243.274,11.377899999999983,54,2014-12-20,2017-12-19,373.88,0.51,5,3,3,533,11,Loyal Customers
TS-21610,Troy Staebel,Consumer,55,7,2820.424,-294.6981,44,2014-08-16,2017-11-05,402.92,-10.45,3,4,4,344,11,Loyal Customers
TS-21655,Trudy Schmidt,Consumer,238,5,3368.094,220.91629999999998,52,2015-02-06,2017-05-06,673.62,6.56,1,3,4,134,8,At Risk
TT-21070,Ted Trevino,Consumer,31,7,4915.602,751.9567,66,2014-05-18,2017-11-29,702.23,15.3,4,4,5,445,13,Champions
TT-21220,Thomas Thornton,Consumer,183,8,1427.0439999999999,278.7371,55,2014-09-23,2017-06-30,178.38,19.53,2,4,2,242,8,Hibernating
TT-21265,Tim Taslimi,Corporate,406,3,439.5,93.9162,8,2015-08-15,2016-11-19,146.5,21.37,1,1,1,111,3,Lost Customers
TT-21460,Tonja Turnell,Home Office,12,7,5364.808,1124.4999,48,2015-12-08,2017-12-18,766.4,20.96,5,4,5,545,14,Champions
TW-21025,Tamara Willingham,Home Office,64,7,5278.826,737.3905,57,2014-12-22,2017-10-27,754.12,13.97,3,4,5,345,12,Loyal Customers
TZ-21580,Tracy Zic,Consumer,35,4,1707.286,224.8887,30,2014-11-11,2017-11-25,426.82,13.17,4,2,2,422,8,Potential Loyalists
VB-21745,Victoria Brennan,Corporate,54,6,2005.596,371.2398,37,2015-07-17,2017-11-06,334.27,18.51,3,3,3,333,9,Loyal Customers
VD-21670,Valerie Dominguez,Consumer,581,6,6442.254,1617.7874000000002,71,2014-08-04,2016-05-28,1073.71,25.11,1,3,5,135,9,At Risk
VF-21715,Vicky Freymann,Home Office,13,5,847.944,-96.27799999999999,35,2014-03-01,2017-12-17,169.59,-11.35,5,3,1,531,9,Hibernating
VG-21790,Vivek Gonzalez,Consumer,154,6,846.01,143.6268,32,2014-08-08,2017-07-29,141.0,16.98,2,3,1,231,6,Hibernating
VG-21805,Vivek Grady,Corporate,286,5,427.372,-52.333,16,2014-09-22,2017-03-19,85.47,-12.25,1,3,1,131,5,Hibernating
VM-21685,Valerie Mitchum,Home Office,54,7,2454.866,513.5269,37,2014-04-07,2017-11-06,350.7,20.92,3,4,3,343,10,Loyal Customers
VM-21835,Vivian Mathis,Consumer,117,5,380.69,116.6373,25,2014-03-22,2017-09-04,76.14,30.64,2,3,1,231,6,Hibernating
VP-21730,Victor Preis,Home Office,30,3,993.9019999999999,205.3888,18,2015-07-05,2017-11-30,331.3,20.66,4,1,2,412,7,Potential Loyalists
VP-21760,Victoria Pisteka,Corporate,75,7,3360.526,-1018.7768,65,2014-09-06,2017-10-16,480.08,-30.32,3,4,4,344,11,Loyal Customers
VS-21820,Vivek Sundaresam,Consumer,221,4,1055.981,-262.8093,38,2014-01-07,2017-05-23,264.0,-24.89,2,2,2,222,6,Lost Customers
VT-21700,Valerie Takahito,Home Office,1000,2,1736.596,-224.08889999999997,42,2014-06-06,2015-04-05,868.3,-12.9,1,1,2,112,4,Lost Customers
VW-21775,Victoria Wilson,Corporate,28,10,6134.0380000000005,-874.6645,77,2014-05-11,2017-12-02,613.4,-14.26,4,5,5,455,14,Champions
WB-21850,William Brown,Consumer,20,11,6160.102,714.3311,146,2014-11-04,2017-12-10,560.01,11.6,5,5,5,555,15,Champions
XP-21865,Xylona Preis,Consumer,43,11,2374.658,621.23,100,2014-01-20,2017-11-17,215.88,26.16,4,5,3,453,12,Loyal Customers
YC-21895,Yoseph Carroll,Corporate,4,5,5454.35,1305.629,31,2014-11-17,2017-12-26,1090.87,23.94,5,3,5,535,13,Loyal Customers
YS-21880,Yana Sorensen,Corporate,9,8,6720.4439999999995,1778.2923,58,2015-01-12,2017-12-21,840.06,26.46,5,4,5,545,14,Champions
ZC-21910,Zuschuss Carroll,Consumer,54,13,8025.707,-1032.1490000000001,105,2014-10-13,2017-11-06,617.36,-12.86,3,5,5,355,13,Loyal Customers
ZD-21925,Zuschuss Donatelli,Consumer,202,5,1493.944,249.1307,32,2014-08-27,2017-06-11,298.79,16.68,2,3,2,232,7,Hibernating
